Statistic,Missing_count
Player,0
Team,0
Pos,0
Age,0
G,0
GS,0
MP,0
MP/G,0
Birth,457
Height,457
Weight,457
PTS,0
TRB,0
ORB,0
DRB,0
AST,0
STL,0
BLK,0
TOV,0
PF,0
FG,0
FGA,0
FG%,0
3P,0
3PA,0
3P%,14
2P,0
2PA,0
2P%,0
FT,0
FTA,0
FT%,0
eFG%,0
PTS_per100,0
TRB_per100,0
AST_per100,0
STL_per100,0
BLK_per100,0
TOV_per100,0
ORtg,0
DRtg,0
PER,0
TS%,0
3PAr,0
FTr,0
USG%,0
ORB%,0
DRB%,0
TRB%,0
AST%,0
STL%,0
BLK%,0
TOV%,0
OWS,0
DWS,0
WS,0
WS/48,0
OBPM,0
DBPM,0
BPM,0
VORP,0
AvgDist,0
%FGA_2P,0
%FGA_0-3ft,0
%FGA_3-10ft,0
%FGA_10-16ft,0
%FGA_16ft-3P,0
%FGA_3P,0
FG%_2P,0
FG%_0-3ft,0
FG%_3-10ft,0
FG%_10-16ft,9
FG%_16ft-3P,40
FG%_3P,14
%Assisted_2P,0
%Assisted_3P,32
Dunks_%FGA,0
Dunks,0
Corner3_%3PA,14
Corner3_3P%,19
%Time_PG,0
%Time_SG,0
%Time_SF,0
%Time_PF,0
%Time_C,0
OnCourt_per100,0
OnOff_per100,0
BadPass,0
LostBall,0
Foul_Shooting,0
Foul_Offensive,0
Drawn_Shooting,0
Drawn_Offensive,0
PGA,0
And1,0
Blkd,0
