Statistic,Highest_teams,Highest_mean,Lowest_teams,Lowest_mean,Selection_rule,Selected_teams,Selected_mean
Age,LAC,29.928571428571427,BRK,23.5625,max,LAC,29.928571428571427
G,DET,66.14285714285714,PHI,40.333333333333336,max,DET,66.14285714285714
GS,MIL,33.46153846153846,PHI,18.571428571428573,max,MIL,33.46153846153846
MP,SAC,1639.5833333333333,PHI,936.952380952381,max,SAC,1639.5833333333333
MP/G,NOP,23.931578947368422,MEM,20.30666666666667,max,NOP,23.931578947368422
PTS,MIL,11.592307692307692,WAS,8.894444444444444,max,MIL,11.592307692307692
TRB,SAC,4.625,WAS,3.466666666666667,max,SAC,4.625
ORB,POR,1.2933333333333334,IND,0.823076923076923,max,POR,1.2933333333333334
DRB,MIL,3.6384615384615384,WAS,2.6333333333333333,max,MIL,3.6384615384615384
AST,DEN,2.9384615384615387,HOU,2.02,max,DEN,2.9384615384615387
STL,ATL,0.9333333333333333,BOS,0.6571428571428571,max,ATL,0.9333333333333333
BLK,DAL,0.6388888888888888,CLE,0.37142857142857144,max,DAL,0.6388888888888888
TOV,CHO,1.53,OKC,0.95,min,OKC,0.95
PF,DET,1.9785714285714284,SAS,1.5133333333333332,min,SAS,1.5133333333333332
FG,SAC,299.3333333333333,CHO,151.35,max,SAC,299.3333333333333
FGA,SAC,609.3333333333334,PHI,348.1904761904762,max,SAC,609.3333333333334
FG%,DAL,0.5131666666666667,BRK,0.42725,max,DAL,0.5131666666666667
3P,BOS,103.35714285714286,CHO,50.5,max,BOS,103.35714285714286
3PA,BOS,279.5,NOP,146.6315789473684,max,BOS,279.5
3P%,MIA,0.37206666666666666,BOS,0.2937142857142857,max,MIA,0.37206666666666666
2P,SAC,213.16666666666666,WAS,99.5,max,SAC,213.16666666666666
2PA,SAC,381.5833333333333,WAS,193.66666666666666,max,SAC,381.5833333333333
2P%,CLE,0.5726428571428571,CHO,0.4828,max,CLE,0.5726428571428571
FT,SAC,120.75,CHO,60.45,max,SAC,120.75
FTA,MIL,150.92307692307693,CHO,77.05,max,MIL,150.92307692307693
FT%,IND,0.801923076923077,LAL,0.6893999999999999,max,IND,0.801923076923077
eFG%,DAL,0.5696111111111111,CHO,0.49565000000000003,max,DAL,0.5696111111111111
PTS_per100,MIN,23.192857142857143,LAL,18.726666666666667,max,MIN,23.192857142857143
TRB_per100,GSW,10.123076923076923,MIN,8.22857142857143,max,GSW,10.123076923076923
AST_per100,GSW,5.907692307692307,POR,4.266666666666667,max,GSW,5.907692307692307
STL_per100,OKC,1.93125,UTA,1.45625,max,OKC,1.93125
BLK_per100,DAL,1.3611111111111112,TOR,0.76,max,DAL,1.3611111111111112
TOV_per100,CHO,3.195,OKC,2.05625,max,CHO,3.195
ORtg,CLE,120.64285714285714,CHO,106.35,max,CLE,120.64285714285714
DRtg,UTA,120.25,OKC,107.625,min,OKC,107.625
PER,GSW,15.484615384615385,CHO,12.36,max,GSW,15.484615384615385
TS%,DAL,0.5993888888888889,CHO,0.5262,max,DAL,0.5993888888888889
3PAr,BOS,0.5375,DAL,0.31572222222222224,max,BOS,0.5375
FTr,DAL,0.3101666666666667,OKC,0.17575000000000002,max,DAL,0.3101666666666667
USG%,BRK,20.25,LAL,16.386666666666667,max,BRK,20.25
ORB%,HOU,6.6866666666666665,IND,4.415384615384616,max,HOU,6.6866666666666665
DRB%,GSW,16.023076923076925,MIN,13.05,max,GSW,16.023076923076925
TRB%,GSW,11.184615384615386,WAS,9.105555555555556,max,GSW,11.184615384615386
AST%,GSW,17.976923076923075,HOU,12.493333333333334,max,GSW,17.976923076923075
STL%,OKC,1.93125,UTA,1.45625,max,OKC,1.93125
BLK%,OKC,2.70625,UTA,1.525,max,OKC,2.70625
TOV%,CHO,14.745,OKC,10.15,max,CHO,14.745
OWS,CLE,2.7714285714285714,WAS,0.21666666666666667,max,CLE,2.7714285714285714
DWS,OKC,2.2,UTA,0.4125,max,OKC,2.2
WS,BOS,4.485714285714286,WAS,0.7388888888888889,max,BOS,4.485714285714286
WS/48,OKC,0.14725,CHO,0.04155,max,OKC,0.14725
OBPM,CLE,0.5071428571428571,CHO,-1.9949999999999999,max,CLE,0.5071428571428571
DBPM,OKC,1.24375,UTA,-1.13125,max,OKC,1.24375
BPM,OKC,1.1312499999999999,WAS,-2.838888888888889,max,OKC,1.1312499999999999
VORP,OKC,1.50625,WAS,-0.18888888888888888,max,OKC,1.50625
AvgDist,BOS,16.335714285714285,DAL,11.7,max,BOS,16.335714285714285
%FGA_2P,DAL,0.6842777777777778,BOS,0.4625,max,DAL,0.6842777777777778
%FGA_0-3ft,NYK,0.33084615384615385,PHO,0.18713333333333332,max,NYK,0.33084615384615385
%FGA_3-10ft,GSW,0.28907692307692306,MIL,0.16184615384615386,max,GSW,0.28907692307692306
%FGA_10-16ft,PHO,0.12986666666666666,CHI,0.045799999999999993,max,PHO,0.12986666666666666
%FGA_16ft-3P,MIL,0.06484615384615385,CHI,0.021533333333333335,max,MIL,0.06484615384615385
%FGA_3P,BOS,0.5375,DAL,0.31572222222222224,max,BOS,0.5375
FG%_2P,CLE,0.5726428571428571,CHO,0.4828,max,CLE,0.5726428571428571
FG%_0-3ft,PHO,0.7428666666666667,CHO,0.6315,max,PHO,0.7428666666666667
FG%_3-10ft,IND,0.49669230769230766,POR,0.3741333333333333,max,IND,0.49669230769230766
FG%_10-16ft,IND,0.4920833333333334,CHO,0.3175,max,IND,0.4920833333333334
FG%_16ft-3P,NYK,0.46318181818181814,MIN,0.23336363636363638,max,NYK,0.46318181818181814
FG%_3P,MIA,0.37206666666666666,BOS,0.2937142857142857,max,MIA,0.37206666666666666
%Assisted_2P,ATL,0.6611999999999999,HOU,0.47293333333333337,max,ATL,0.6611999999999999
%Assisted_3P,GSW,0.9282499999999999,PHI,0.8204,max,GSW,0.9282499999999999
Dunks_%FGA,LAL,0.14353333333333335,MIA,0.04566666666666666,max,LAL,0.14353333333333335
Dunks,DET,40.0,PHI,15.666666666666666,max,DET,40.0
Corner3_%3PA,LAL,0.356,OKC,0.22525,max,LAL,0.356
Corner3_3P%,DEN,0.43683333333333335,WAS,0.2951111111111111,max,DEN,0.43683333333333335
%Time_PG,NYK,29.53846153846154,NOP,12.368421052631579,max,NYK,29.53846153846154
%Time_SG,WAS,24.72222222222222,SAC,13.5,max,WAS,24.72222222222222
%Time_SF,CLE,23.428571428571427,NYK,12.307692307692308,max,CLE,23.428571428571427
%Time_PF,LAC,26.642857142857142,NYK,14.461538461538462,max,LAC,26.642857142857142
%Time_C,DAL,33.0,MIN,17.142857142857142,max,DAL,33.0
OnCourt_per100,OKC,12.00625,WAS,-10.13888888888889,max,OKC,12.00625
OnOff_per100,GSW,1.5846153846153848,CLE,-1.9142857142857144,max,GSW,1.5846153846153848
BadPass,DEN,47.61538461538461,PHI,23.761904761904763,max,DEN,47.61538461538461
LostBall,SAC,28.666666666666668,GSW,14.923076923076923,max,SAC,28.666666666666668
Foul_Shooting,SAC,69.75,CHO,36.5,max,SAC,69.75
Foul_Offensive,MIL,11.538461538461538,WAS,5.222222222222222,max,MIL,11.538461538461538
Drawn_Shooting,SAC,71.33333333333333,CHO,35.4,max,SAC,71.33333333333333
Drawn_Offensive,OKC,11.8125,NOP,3.8947368421052633,max,OKC,11.8125
PGA,DEN,449.3076923076923,PHI,229.28571428571428,max,DEN,449.3076923076923
And1,SAC,16.916666666666668,WAS,7.611111111111111,max,SAC,16.916666666666668
Blkd,UTA,32.875,PHI,20.571428571428573,max,UTA,32.875
