Team,Age,G,GS,MP,MP/G,Weight,PTS,TRB,ORB,DRB,AST,STL,BLK,TOV,PF,FG,FGA,FG%,3P,3PA,3P%,2P,2PA,2P%,FT,FTA,FT%,eFG%,PTS_per100,TRB_per100,AST_per100,STL_per100,BLK_per100,TOV_per100,ORtg,DRtg,PER,TS%,3PAr,FTr,USG%,ORB%,DRB%,TRB%,AST%,STL%,BLK%,TOV%,OWS,DWS,WS,WS/48,OBPM,DBPM,BPM,VORP,AvgDist,%FGA_2P,%FGA_0-3ft,%FGA_3-10ft,%FGA_10-16ft,%FGA_16ft-3P,%FGA_3P,FG%_2P,FG%_0-3ft,FG%_3-10ft,FG%_10-16ft,FG%_16ft-3P,FG%_3P,%Assisted_2P,%Assisted_3P,Dunks_%FGA,Dunks,Corner3_%3PA,Corner3_3P%,%Time_PG,%Time_SG,%Time_SF,%Time_PF,%Time_C,OnCourt_per100,OnOff_per100,BadPass,LostBall,Foul_Shooting,Foul_Offensive,Drawn_Shooting,Drawn_Offensive,PGA,And1,Blkd
ATL,25.6,55.266666666666666,27.933333333333334,1349.2666666666667,23.146666666666665,N/a,10.706666666666667,4.446666666666667,1.1666666666666667,3.2800000000000002,2.7733333333333334,0.9333333333333333,0.5533333333333333,1.32,1.8533333333333333,236.66666666666666,498.4,0.47833333333333333,73.86666666666666,203.8,0.32926666666666665,162.8,294.6,0.5557333333333333,90.8,119.46666666666667,0.7357333333333334,0.5569333333333334,20.846666666666668,9.020000000000001,5.033333333333333,1.8266666666666669,1.1866666666666668,2.3666666666666667,117.46666666666667,115.2,14.5,0.5808,0.42893333333333333,0.21426666666666666,17.886666666666667,5.626666666666667,15.633333333333333,10.520000000000001,14.726666666666667,1.8266666666666669,2.353333333333333,11.186666666666667,1.5933333333333335,1.28,2.8800000000000003,0.10180000000000002,-0.4266666666666667,0.019999999999999987,-0.42000000000000004,0.62,13.706666666666667,0.5710666666666667,0.27293333333333336,0.20113333333333333,0.0754,0.021733333333333334,0.42893333333333333,0.5557333333333333,0.6664,0.4735333333333333,0.4201333333333333,0.27973333333333333,0.32926666666666665,0.6611999999999999,0.8947142857142857,0.09006666666666667,32.6,0.34013333333333334,0.40135714285714286,16.066666666666666,18.4,17.466666666666665,26.333333333333332,21.666666666666668,-0.2333333333333334,0.0933333333333333,47.2,18.866666666666667,57.733333333333334,5.733333333333333,51.06666666666667,7.8,401.8666666666667,11.6,26.933333333333334
BOS,28.357142857142858,57.357142857142854,29.285714285714285,1392.0714285714287,22.400000000000002,N/a,10.657142857142857,4.2785714285714285,1.0857142857142856,3.1714285714285713,2.3214285714285716,0.6571428571428571,0.5571428571428572,1.0142857142857142,1.5214285714285716,242.28571428571428,522.0714285714286,0.4521428571428571,103.35714285714286,279.5,0.2937142857142857,138.92857142857142,242.57142857142858,0.5640714285714286,87.57142857142857,109.28571428571429,0.7907142857142857,0.5447857142857143,20.74285714285714,9.785714285714286,4.4,1.5071428571428573,1.2785714285714285,2.1285714285714286,118.57142857142857,111.28571428571429,14.542857142857144,0.5672857142857143,0.5375,0.1819285714285714,17.642857142857142,6.042857142857143,15.135714285714286,10.614285714285714,12.799999999999999,1.5142857142857142,2.3642857142857143,10.828571428571427,2.557142857142857,1.9285714285714286,4.485714285714286,0.13285714285714284,-0.09285714285714285,0.6428571428571429,0.5428571428571428,1.4357142857142857,16.335714285714285,0.4625,0.20964285714285716,0.17378571428571427,0.05064285714285714,0.028642857142857144,0.5375,0.5640714285714286,0.7313571428571429,0.4497857142857143,0.48130769230769227,0.42427272727272725,0.2937142857142857,0.5722857142857143,0.8686666666666666,0.07528571428571429,24.785714285714285,0.26221428571428573,0.30028571428571427,12.928571428571429,18.071428571428573,20.357142857142858,23.571428571428573,25.0,7.228571428571429,-1.3714285714285717,31.071428571428573,19.428571428571427,47.785714285714285,8.0,47.07142857142857,5.571428571428571,383.64285714285717,9.785714285714286,20.714285714285715
BRK,23.5625,47.0,21.6875,1098.6875,22.65,N/a,10.35625,3.96875,1.0375,2.90625,2.15,0.7,0.375,1.33125,1.89375,174.6875,403.9375,0.42725,63.375,187.5625,0.3194375,111.3125,216.375,0.485,76.875,97.5625,0.7575,0.5039375,21.8875,8.65625,4.63125,1.625,0.79375,2.8625,106.9375,116.125,12.54375,0.5367500000000001,0.45368749999999997,0.2228125,20.25,5.15625,15.0625,9.875,15.025,1.625,1.5875,12.50625,0.46875,0.975,1.425,0.05275,-1.7375,-0.6625000000000001,-2.4,0.08124999999999999,14.24375,0.5463125,0.22075,0.2265625,0.06825,0.030875,0.45368749999999997,0.485,0.656125,0.3805625,0.343125,0.3034375,0.3194375,0.557375,0.9181874999999999,0.0461875,17.9375,0.285875,0.330625,17.5,19.9375,20.75,18.75,23.3125,-8.00625,-1.26875,28.375,19.0,45.75,8.125,42.4375,6.5,259.5625,8.3125,25.6875
CHI,24.866666666666667,62.0,25.733333333333334,1318.7333333333333,20.953333333333333,N/a,9.506666666666666,3.8866666666666663,0.8666666666666667,3.006666666666667,2.6333333333333333,0.7200000000000001,0.42,1.1466666666666667,1.5933333333333333,224.0,484.26666666666665,0.4547333333333334,79.26666666666667,223.73333333333332,0.34986666666666666,144.73333333333332,260.53333333333336,0.5488,81.6,100.86666666666666,0.7926,0.538,20.733333333333334,8.606666666666666,5.54,1.5933333333333333,0.9666666666666667,2.4066666666666667,114.4,115.73333333333333,13.9,0.5679333333333333,0.4806666666666667,0.2072,18.446666666666665,4.62,14.54,9.666666666666666,16.2,1.5933333333333333,1.82,11.713333333333333,1.3466666666666667,1.1866666666666668,2.5266666666666664,0.08906666666666666,-0.84,-0.08666666666666667,-0.92,0.45333333333333337,14.706666666666667,0.5193333333333333,0.2669333333333333,0.18506666666666666,0.045799999999999993,0.021533333333333335,0.4806666666666667,0.5488,0.6387333333333333,0.4772,0.3662,0.3287333333333333,0.34986666666666666,0.5932,0.9278666666666666,0.04593333333333333,16.133333333333333,0.30046666666666666,0.38206666666666667,26.266666666666666,19.533333333333335,16.8,17.133333333333333,20.4,-1.1,-0.23333333333333325,37.86666666666667,20.266666666666666,58.4,6.0,46.13333333333333,5.266666666666667,393.3333333333333,11.133333333333333,27.0
CHO,25.4,42.2,20.45,944.25,22.509999999999998,N/a,9.805,4.16,1.115,3.04,2.535,0.75,0.41500000000000004,1.53,1.8,151.35,350.25,0.43075,50.5,149.25,0.30500000000000005,100.85,201.0,0.4828,60.45,77.05,0.77535,0.49565000000000003,20.275,9.295,5.2299999999999995,1.6800000000000002,0.9199999999999999,3.195,106.35,116.7,12.36,0.5262,0.3831,0.2193,19.36,5.7299999999999995,14.66,10.115,16.73,1.675,1.8199999999999998,14.745,0.255,0.7350000000000001,1.0100000000000002,0.04155,-1.9949999999999999,-0.49000000000000005,-2.4850000000000003,0.03000000000000001,13.465,0.6169,0.24889999999999998,0.24435,0.08954999999999999,0.03415,0.3831,0.4828,0.6315,0.40295,0.3175,0.30035,0.30500000000000005,0.5295,0.8718888888888888,0.0611,18.25,0.30565,0.30405000000000004,22.5,21.5,18.4,17.35,20.35,-9.495000000000001,-0.74,29.9,16.9,36.5,7.35,35.4,5.2,236.65,8.25,20.85
CLE,26.714285714285715,62.42857142857143,30.5,1404.2857142857142,21.400000000000002,N/a,10.592857142857143,3.992857142857143,1.0,3.007142857142857,2.3214285714285716,0.7428571428571429,0.37142857142857144,1.0714285714285714,1.6142857142857143,259.7142857142857,528.7142857142857,0.4785,90.78571428571429,237.28571428571428,0.32721428571428574,168.92857142857142,291.42857142857144,0.5726428571428571,106.78571428571429,135.85714285714286,0.7407142857142857,0.5646428571428571,21.635714285714283,9.235714285714286,5.0,1.6214285714285714,0.8642857142857142,2.3285714285714287,120.64285714285714,113.07142857142857,15.042857142857143,0.5872857142857143,0.45821428571428574,0.23950000000000002,18.09285714285714,5.507142857142857,15.064285714285715,10.414285714285715,14.142857142857142,1.6214285714285714,1.6285714285714286,11.242857142857144,2.7714285714285714,1.7214285714285715,4.478571428571429,0.13407142857142856,0.5071428571428571,0.42857142857142855,0.9428571428571428,1.4000000000000001,14.435714285714285,0.5417857142857143,0.2639285714285714,0.18971428571428572,0.062357142857142854,0.026,0.45821428571428574,0.5726428571428571,0.6818571428571428,0.45207142857142857,0.34415384615384614,0.24857142857142858,0.32721428571428574,0.5944285714285714,0.8399166666666668,0.07114285714285715,32.785714285714285,0.30657142857142855,0.3365,18.428571428571427,23.357142857142858,23.428571428571427,15.928571428571429,18.928571428571427,5.807142857142857,-1.9142857142857144,33.42857142857143,23.214285714285715,53.785714285714285,5.857142857142857,59.214285714285715,8.714285714285714,379.14285714285717,14.357142857142858,25.928571428571427
DAL,27.166666666666668,51.388888888888886,25.77777777777778,1187.9444444444443,22.166666666666668,N/a,10.261111111111111,4.161111111111111,1.0666666666666667,3.094444444444444,2.161111111111111,0.7111111111111111,0.6388888888888888,1.1722222222222223,1.6833333333333333,203.77777777777777,421.6666666666667,0.5131666666666667,54.44444444444444,150.55555555555554,0.34475,149.33333333333334,271.1111111111111,0.5619444444444445,91.94444444444444,119.16666666666667,0.7612222222222222,0.5696111111111111,21.166666666666668,9.06111111111111,4.627777777777777,1.577777777777778,1.3611111111111112,2.488888888888889,118.66666666666667,115.94444444444444,15.049999999999999,0.5993888888888889,0.31572222222222224,0.3101666666666667,18.044444444444444,5.627777777777777,14.655555555555557,10.233333333333333,13.705555555555556,1.577777777777778,2.461111111111111,12.655555555555557,1.3555555555555554,1.0444444444444445,2.3944444444444444,0.10300000000000001,-0.3277777777777778,0.0777777777777778,-0.25,0.5666666666666667,11.7,0.6842777777777778,0.31872222222222224,0.23744444444444446,0.07783333333333334,0.05011111111111111,0.31572222222222224,0.5619444444444445,0.7209444444444445,0.4438888888888889,0.3856111111111111,0.45066666666666666,0.34475,0.5743333333333333,0.8963125,0.12316666666666667,26.38888888888889,0.3468125,0.3574375,17.88888888888889,15.666666666666666,14.666666666666666,18.833333333333332,33.0,-2.072222222222222,-1.177777777777778,30.055555555555557,20.5,48.111111111111114,7.0,54.833333333333336,5.777777777777778,276.22222222222223,12.944444444444445,23.055555555555557
DEN,27.153846153846153,60.07692307692308,31.53846153846154,1493.1538461538462,23.069230769230767,N/a,11.292307692307693,4.369230769230769,1.1076923076923078,3.284615384615385,2.9384615384615387,0.7538461538461539,0.46153846153846156,1.2846153846153845,1.6846153846153844,282.7692307692308,556.5384615384615,0.4872307692307692,74.92307692307692,197.07692307692307,0.3638333333333333,207.84615384615384,359.46153846153845,0.5530769230769231,112.38461538461539,146.0,0.731,0.5548461538461539,20.892307692307693,9.26923076923077,5.438461538461539,1.5307692307692307,1.0615384615384615,2.5153846153846158,117.76923076923077,116.46153846153847,14.553846153846154,0.5791538461538461,0.37684615384615383,0.2583846153846154,17.946153846153848,5.846153846153846,14.876923076923077,10.584615384615384,15.176923076923078,1.5307692307692307,1.946153846153846,12.246153846153845,2.715384615384615,1.2692307692307692,3.9615384615384617,0.10353846153846152,-0.09999999999999995,-0.3384615384615385,-0.423076923076923,1.169230769230769,13.007692307692308,0.6231538461538462,0.28692307692307695,0.223,0.060076923076923076,0.053000000000000005,0.37684615384615383,0.5530769230769231,0.7053076923076923,0.44523076923076926,0.45458333333333334,0.35958333333333337,0.3638333333333333,0.6429230769230769,0.8723333333333333,0.10607692307692308,35.15384615384615,0.27325,0.43683333333333335,16.23076923076923,16.076923076923077,17.53846153846154,23.615384615384617,26.46153846153846,1.2461538461538457,-1.4846153846153847,47.61538461538461,21.846153846153847,61.07692307692308,8.153846153846153,64.84615384615384,4.076923076923077,449.3076923076923,14.76923076923077,31.923076923076923
DET,25.571428571428573,66.14285714285714,32.785714285714285,1537.357142857143,22.849999999999998,N/a,10.971428571428572,4.014285714285714,1.0214285714285716,3.007142857142857,2.6357142857142857,0.7857142857142857,0.4928571428571429,1.4000000000000001,1.9785714285714284,269.92857142857144,575.0,0.4749285714285714,84.78571428571429,234.0,0.3358461538461538,185.14285714285714,341.0,0.5353571428571429,107.5,138.14285714285714,0.7714285714285715,0.5444285714285714,22.00714285714286,8.7,5.192857142857143,1.8,1.0714285714285714,2.807142857142857,115.14285714285714,112.78571428571429,14.392857142857142,0.5747142857142856,0.3949285714285714,0.24314285714285713,19.314285714285713,5.242857142857143,14.685714285714285,9.978571428571428,15.707142857142857,1.8,2.142857142857143,12.450000000000001,1.7071428571428573,1.7785714285714285,3.4857142857142853,0.10771428571428572,-0.5142857142857143,0.4714285714285715,-0.03571428571428569,0.8357142857142857,13.692857142857141,0.6050714285714286,0.24700000000000003,0.23557142857142857,0.08042857142857142,0.04207142857142857,0.3949285714285714,0.5353571428571429,0.6733571428571429,0.47214285714285714,0.4282142857142857,0.4060714285714286,0.3358461538461538,0.5660714285714286,0.8761538461538462,0.0915,40.0,0.2623846153846154,0.34507692307692306,20.571428571428573,19.571428571428573,22.071428571428573,16.357142857142858,21.428571428571427,1.3714285714285714,-0.5357142857142857,45.0,28.357142857142858,64.07142857142857,10.285714285714286,61.0,11.142857142857142,420.35714285714283,14.428571428571429,32.857142857142854
GSW,27.692307692307693,61.30769230769231,27.692307692307693,1314.3846153846155,20.853846153846156,N/a,10.092307692307692,4.1,1.176923076923077,2.923076923076923,2.6153846153846154,0.8076923076923077,0.3923076923076923,1.1692307692307693,1.623076923076923,225.15384615384616,488.2307692307692,0.4693846153846154,81.38461538461539,222.07692307692307,0.31861538461538463,143.76923076923077,266.15384615384613,0.5437692307692308,100.07692307692308,129.84615384615384,0.736076923076923,0.5395384615384615,22.323076923076922,10.123076923076923,5.907692307692307,1.9000000000000001,0.9615384615384616,2.6384615384615384,117.3076923076923,111.61538461538461,15.484615384615385,0.5684615384615385,0.3939230769230769,0.2591538461538461,19.276923076923076,6.646153846153846,16.023076923076925,11.184615384615386,17.976923076923075,1.9000000000000001,1.876923076923077,12.13846153846154,1.8384615384615384,1.776923076923077,3.623076923076923,0.127,-0.030769230769230715,0.7923076923076923,0.7384615384615384,1.1153846153846154,13.276923076923076,0.6060769230769231,0.22661538461538464,0.28907692307692306,0.06046153846153846,0.030076923076923077,0.3939230769230769,0.5437692307692308,0.6697692307692308,0.4803846153846154,0.39584615384615385,0.35391666666666666,0.31861538461538463,0.6576923076923078,0.9282499999999999,0.07538461538461538,24.153846153846153,0.33976923076923077,0.402,19.46153846153846,18.53846153846154,13.538461538461538,20.615384615384617,28.153846153846153,4.269230769230769,1.5846153846153848,44.0,14.923076923076923,51.69230769230769,9.0,56.76923076923077,7.076923076923077,406.7692307692308,13.153846153846153,28.76923076923077
HOU,25.8,57.2,27.533333333333335,1327.5333333333333,21.459999999999997,N/a,9.873333333333333,4.346666666666667,1.2866666666666666,3.046666666666667,2.02,0.7533333333333334,0.44,1.12,1.6733333333333333,232.93333333333334,511.93333333333334,0.4634,69.73333333333333,196.86666666666667,0.32266666666666666,163.2,315.06666666666666,0.5313333333333333,91.66666666666667,124.0,0.7459333333333333,0.5342666666666667,21.313333333333333,9.913333333333332,4.326666666666666,1.68,1.0,2.433333333333333,117.53333333333333,111.2,14.526666666666667,0.5597333333333334,0.3984666666666667,0.24313333333333334,18.266666666666666,6.6866666666666665,15.293333333333333,10.9,12.493333333333334,1.68,1.8466666666666667,11.46,1.6333333333333333,1.8866666666666667,3.5266666666666664,0.12473333333333333,-0.1733333333333333,0.7400000000000001,0.58,1.0466666666666666,14.020000000000001,0.6015333333333334,0.24526666666666666,0.2182,0.09073333333333333,0.047266666666666665,0.3984666666666667,0.5313333333333333,0.6720666666666666,0.46199999999999997,0.41346666666666665,0.41491666666666666,0.32266666666666666,0.47293333333333337,0.8672857142857142,0.06633333333333333,28.933333333333334,0.2504,0.3527857142857143,19.4,14.133333333333333,18.333333333333332,25.4,22.8,2.6199999999999997,-1.12,33.333333333333336,23.133333333333333,50.733333333333334,8.533333333333333,54.53333333333333,6.4,313.0,11.466666666666667,31.733333333333334
IND,25.307692307692307,65.0,31.384615384615383,1494.1538461538462,22.207692307692305,N/a,10.607692307692307,3.7384615384615385,0.823076923076923,2.930769230769231,2.623076923076923,0.8,0.4846153846153846,1.0769230769230769,1.7461538461538462,268.9230769230769,551.9230769230769,0.4766923076923077,83.0,223.84615384615384,0.35784615384615387,185.92307692307693,328.0769230769231,0.568076923076923,105.84615384615384,133.0,0.801923076923077,0.5551538461538461,21.853846153846156,8.253846153846153,5.369230769230769,1.7999999999999998,1.0538461538461539,2.276923076923077,117.15384615384616,114.23076923076923,15.046153846153846,0.5875384615384616,0.43215384615384617,0.23015384615384615,18.66923076923077,4.415384615384616,14.592307692307692,9.546153846153846,15.515384615384615,1.7999999999999998,1.9769230769230768,10.86153846153846,2.076923076923077,1.5461538461538462,3.623076923076923,0.11176923076923077,-0.08461538461538466,0.1,0.0,0.9307692307692309,14.723076923076924,0.5678461538461539,0.23561538461538462,0.191,0.09053846153846154,0.05076923076923076,0.43215384615384617,0.568076923076923,0.6936153846153845,0.49669230769230766,0.4920833333333334,0.39330769230769236,0.35784615384615387,0.6394615384615385,0.8774615384615385,0.05738461538461538,24.846153846153847,0.298,0.4,20.923076923076923,23.53846153846154,20.307692307692307,16.615384615384617,19.076923076923077,1.7384615384615383,-0.2307692307692309,35.15384615384615,23.076923076923077,60.84615384615385,9.153846153846153,60.15384615384615,10.0,432.46153846153845,14.461538461538462,27.307692307692307
LAC,29.928571428571427,59.214285714285715,30.142857142857142,1396.357142857143,22.235714285714288,N/a,10.235714285714286,3.9,0.8714285714285713,3.0285714285714285,2.4285714285714284,0.8428571428571429,0.39285714285714285,1.3,1.6428571428571428,236.0,485.0,0.4785,70.14285714285714,186.64285714285714,0.3638333333333333,165.85714285714286,298.35714285714283,0.5395,98.35714285714286,122.57142857142857,0.7818571428571428,0.5503571428571429,20.428571428571427,8.578571428571427,5.007142857142857,1.8071428571428572,0.8857142857142858,2.707142857142857,114.85714285714286,112.42857142857143,13.957142857142857,0.5785,0.39571428571428574,0.20814285714285716,17.942857142857143,4.742857142857143,14.842857142857143,9.828571428571427,14.807142857142855,1.8,1.7785714285714285,13.664285714285715,1.7428571428571427,1.9214285714285713,3.6714285714285713,0.10685714285714286,-0.75,0.7642857142857142,0.00714285714285715,1.05,13.571428571428571,0.6042857142857142,0.22135714285714284,0.2704285714285714,0.08264285714285714,0.030000000000000002,0.39571428571428574,0.5395,0.6697142857142857,0.4827857142857143,0.37992857142857145,0.391,0.3638333333333333,0.5538571428571429,0.8348333333333334,0.08092857142857143,32.714285714285715,0.3219166666666667,0.41183333333333333,23.428571428571427,14.785714285714286,17.928571428571427,26.642857142857142,17.214285714285715,1.8714285714285717,0.9142857142857143,41.642857142857146,24.071428571428573,53.857142857142854,9.142857142857142,54.785714285714285,6.285714285714286,363.92857142857144,11.285714285714286,23.0
LAL,27.133333333333333,53.13333333333333,25.066666666666666,1215.2,21.386666666666667,N/a,9.453333333333331,3.9,0.9666666666666667,2.9266666666666667,2.2866666666666666,0.7466666666666666,0.38,1.16,1.72,203.4,423.93333333333334,0.49426666666666663,72.13333333333334,192.46666666666667,0.29957142857142854,131.26666666666668,231.46666666666667,0.5655333333333333,84.6,109.93333333333334,0.6893999999999999,0.5615333333333333,18.726666666666667,9.4,4.48,1.7066666666666668,1.0533333333333335,2.42,116.6,114.8,13.44,0.5803333333333334,0.37733333333333335,0.24993333333333334,16.386666666666667,6.413333333333333,14.873333333333333,10.74,13.653333333333334,1.7066666666666668,2.04,13.4,1.6533333333333333,1.16,2.8266666666666667,0.10066666666666667,-1.1466666666666667,0.3,-0.8333333333333334,0.7799999999999999,12.746666666666666,0.6226666666666667,0.3026,0.2176,0.07166666666666667,0.0308,0.37733333333333335,0.5655333333333333,0.7101333333333333,0.44566666666666666,0.39920000000000005,0.37407692307692303,0.29957142857142854,0.6098666666666667,0.8800833333333333,0.14353333333333335,27.333333333333332,0.356,0.3191428571428571,17.2,17.066666666666666,17.133333333333333,17.933333333333334,31.0,-0.2333333333333334,-0.4733333333333334,38.666666666666664,16.8,49.6,6.133333333333334,49.2,7.466666666666667,330.73333333333335,11.2,21.0
MEM,24.666666666666668,55.53333333333333,26.933333333333334,1212.8666666666666,20.30666666666667,N/a,10.366666666666667,4.073333333333333,1.1266666666666665,2.94,2.3466666666666667,0.7266666666666667,0.4666666666666667,1.24,1.7266666666666666,233.0,482.1333333333333,0.47773333333333334,70.6,192.13333333333333,0.32939999999999997,162.4,290.0,0.5657333333333334,92.8,117.86666666666666,0.791,0.5548666666666667,22.540000000000003,9.639999999999999,4.906666666666666,1.6466666666666667,1.1400000000000001,2.6333333333333333,119.66666666666667,113.6,15.379999999999999,0.5845333333333333,0.4314666666666666,0.22313333333333332,19.073333333333334,6.573333333333333,15.246666666666666,10.94,14.24,1.6466666666666667,2.2199999999999998,11.893333333333334,1.82,1.4266666666666665,3.246666666666667,0.12193333333333332,0.4,0.19333333333333333,0.6,1.0,14.073333333333332,0.5685333333333333,0.2384,0.23406666666666667,0.0738,0.022533333333333336,0.4314666666666666,0.5657333333333334,0.7081999999999999,0.47700000000000004,0.4212,0.34450000000000003,0.32939999999999997,0.5899333333333333,0.9195333333333333,0.06633333333333333,22.4,0.29873333333333335,0.33813333333333334,20.0,21.6,15.733333333333333,18.4,24.533333333333335,3.4799999999999995,-1.0666666666666667,35.666666666666664,21.666666666666668,54.53333333333333,7.466666666666667,54.4,9.066666666666666,340.46666666666664,15.466666666666667,27.666666666666668
MIA,27.266666666666666,58.6,30.2,1442.8,23.240000000000002,N/a,10.26,4.066666666666666,0.94,3.1199999999999997,2.4866666666666664,0.84,0.3733333333333333,1.22,1.6,237.8,516.7333333333333,0.4550666666666667,83.26666666666667,225.53333333333333,0.37206666666666666,154.53333333333333,291.2,0.5139333333333334,89.26666666666667,113.73333333333333,0.7638,0.5432666666666667,21.113333333333333,8.993333333333334,5.14,1.88,0.8333333333333334,2.5133333333333336,113.2,112.66666666666667,14.033333333333333,0.5704666666666667,0.463,0.20993333333333333,18.759999999999998,4.626666666666667,15.18,9.946666666666665,15.286666666666667,1.88,1.62,12.2,1.32,1.6733333333333333,2.993333333333333,0.09833333333333334,-0.7466666666666666,0.5333333333333333,-0.22666666666666666,0.6866666666666668,14.733333333333333,0.537,0.21139999999999998,0.22933333333333333,0.0682,0.028399999999999998,0.463,0.5139333333333334,0.6380666666666667,0.448,0.3424666666666667,0.32446153846153847,0.37206666666666666,0.5482666666666667,0.8987333333333333,0.04566666666666666,24.2,0.31346666666666667,0.4058,20.2,19.933333333333334,20.333333333333332,21.666666666666668,17.8,0.3933333333333335,-0.49333333333333323,39.13333333333333,22.6,51.6,6.133333333333334,51.4,9.4,391.6666666666667,11.866666666666667,28.133333333333333
MIL,28.153846153846153,64.46153846153847,33.46153846153846,1564.8461538461538,23.715384615384615,N/a,11.592307692307692,4.515384615384615,0.8769230769230769,3.6384615384615384,2.5538461538461537,0.7153846153846154,0.4538461538461539,1.330769230769231,1.7692307692307692,278.84615384615387,576.2307692307693,0.48407692307692307,88.6923076923077,233.53846153846155,0.36333333333333334,190.15384615384616,342.6923076923077,0.539,111.53846153846153,150.92307692307693,0.7513846153846154,0.564923076923077,21.54615384615385,9.261538461538462,4.976923076923077,1.4615384615384615,0.8615384615384615,2.661538461538462,114.07692307692308,113.6923076923077,14.284615384615384,0.5878461538461539,0.4193076923076923,0.20561538461538462,19.076923076923077,4.569230769230769,15.876923076923077,10.438461538461537,15.353846153846153,1.4615384615384615,1.6615384615384616,13.538461538461538,1.6846153846153844,1.7384615384615385,3.4384615384615387,0.09892307692307692,-0.48461538461538456,0.05384615384615384,-0.43846153846153846,0.8769230769230769,14.484615384615385,0.5806923076923077,0.2641538461538462,0.16184615384615386,0.09,0.06484615384615385,0.4193076923076923,0.539,0.6889230769230769,0.4009230769230769,0.43761538461538463,0.44775000000000004,0.36333333333333334,0.5524615384615384,0.8315,0.09215384615384616,34.46153846153846,0.25708333333333333,0.3934166666666667,19.153846153846153,23.46153846153846,18.23076923076923,20.53846153846154,18.76923076923077,1.323076923076923,-0.7076923076923076,41.0,24.0,59.92307692307692,11.538461538461538,68.53846153846153,8.307692307692308,407.38461538461536,16.153846153846153,26.153846153846153
MIN,26.0,59.07142857142857,29.214285714285715,1417.5714285714287,20.92142857142857,N/a,9.942857142857141,3.7214285714285715,0.9714285714285714,2.7857142857142856,2.2714285714285714,0.7428571428571429,0.41428571428571426,1.2142857142857142,1.6285714285714286,242.5,518.0714285714286,0.4694285714285714,89.92857142857143,237.5,0.3656923076923077,152.57142857142858,280.57142857142856,0.5290714285714285,101.71428571428571,128.5,0.7826428571428572,0.5528571428571428,23.192857142857143,8.22857142857143,5.235714285714286,1.9214285714285715,0.9071428571428573,2.8642857142857143,117.5,111.5,14.885714285714286,0.5830714285714286,0.4476428571428572,0.23750000000000002,20.071428571428573,5.321428571428571,13.05,9.25,15.635714285714286,1.9214285714285715,1.7357142857142858,12.157142857142857,1.95,1.9428571428571428,3.892857142857143,0.12257142857142857,-0.1928571428571428,0.7642857142857142,0.5642857142857143,1.1785714285714286,14.392857142857142,0.5523571428571429,0.25985714285714284,0.19521428571428573,0.06742857142857142,0.030071428571428572,0.4476428571428572,0.5290714285714285,0.6825714285714286,0.4305,0.34700000000000003,0.23336363636363638,0.3656923076923077,0.5678571428571428,0.8278461538461539,0.07692857142857143,31.928571428571427,0.3053846153846154,0.3821538461538462,27.642857142857142,16.428571428571427,20.5,18.357142857142858,17.142857142857142,3.35,-1.592857142857143,41.0,24.285714285714285,55.214285714285715,8.071428571428571,58.357142857142854,10.857142857142858,374.2857142857143,13.214285714285714,26.428571428571427
NOP,25.894736842105264,41.73684210526316,20.42105263157895,989.7368421052631,23.931578947368422,N/a,11.563157894736841,4.410526315789474,1.1368421052631579,3.2736842105263158,2.636842105263158,0.8842105263157896,0.5210526315789474,1.5052631578947369,1.9473684210526316,173.0,379.5263157894737,0.46131578947368423,51.10526315789474,146.6315789473684,0.31373684210526315,121.89473684210526,232.89473684210526,0.5316315789473685,71.15789473684211,93.42105263157895,0.7762631578947369,0.5252631578947369,22.263157894736842,9.289473684210526,4.8999999999999995,1.7473684210526317,1.1421052631578947,2.873684210526316,111.52631578947368,118.84210526315789,14.18421052631579,0.5584736842105263,0.37799999999999995,0.24973684210526317,19.92105263157895,5.352631578947369,15.68421052631579,10.373684210526315,15.542105263157895,1.7473684210526317,2.268421052631579,12.65263157894737,0.6894736842105263,0.46315789473684216,1.1578947368421053,0.056,-1.0789473684210527,-0.7578947368421053,-1.8263157894736843,0.057894736842105256,13.284210526315789,0.622,0.2638421052631579,0.2142105263157895,0.09978947368421054,0.04410526315789474,0.37799999999999995,0.5316315789473685,0.6822105263157895,0.4046842105263158,0.45042105263157894,0.3592105263157895,0.31373684210526315,0.5903684210526317,0.8714444444444445,0.0681578947368421,20.263157894736842,0.2775263157894737,0.3263333333333333,12.368421052631579,18.42105263157895,21.894736842105264,21.842105263157894,25.526315789473685,-9.305263157894737,-0.5947368421052632,30.105263157894736,18.157894736842106,42.05263157894737,5.421052631578948,43.73684210526316,3.8947368421052633,249.1578947368421,9.157894736842104,21.894736842105264
NYK,26.923076923076923,56.61538461538461,31.23076923076923,1500.7692307692307,23.553846153846152,N/a,10.8,4.176923076923076,1.1615384615384614,3.0307692307692307,2.630769230769231,0.823076923076923,0.4538461538461539,1.1692307692307693,1.6615384615384614,270.0,557.3076923076923,0.48430769230769233,79.0,214.6153846153846,0.3491818181818182,191.0,342.6923076923077,0.5423846153846154,103.53846153846153,129.6153846153846,0.734,0.5496923076923077,20.207692307692305,8.553846153846154,5.523076923076923,1.7615384615384615,1.1384615384615384,2.4846153846153842,116.53846153846153,114.15384615384616,14.46923076923077,0.5722307692307692,0.3720769230769231,0.22915384615384615,17.584615384615383,5.953846153846154,13.761538461538462,9.892307692307693,15.26923076923077,1.7615384615384615,2.1384615384615384,13.261538461538462,2.376923076923077,1.5538461538461539,3.930769230769231,0.11023076923076923,-0.3461538461538461,0.26153846153846155,-0.08461538461538456,1.1307692307692307,12.569230769230769,0.6279230769230769,0.33084615384615385,0.18192307692307694,0.08523076923076923,0.030076923076923077,0.3720769230769231,0.5423846153846154,0.6523076923076924,0.3813846153846154,0.45408333333333334,0.46318181818181814,0.3491818181818182,0.5417692307692308,0.8692727272727274,0.09307692307692307,27.076923076923077,0.30672727272727274,0.37518181818181817,29.53846153846154,18.692307692307693,12.307692307692308,14.461538461538462,25.153846153846153,3.0461538461538464,-0.476923076923077,39.46153846153846,21.307692307692307,54.61538461538461,7.769230769230769,60.76923076923077,11.0,414.53846153846155,15.615384615384615,30.692307692307693
OKC,24.5,55.5625,25.625,1222.4375,20.4125,N/a,9.93125,3.9812499999999997,0.94375,3.0625,2.23125,0.8562500000000001,0.55,0.95,1.73125,227.9375,472.9375,0.45575,73.875,197.625,0.33175,154.0625,275.3125,0.553125,85.3125,104.125,0.7504375,0.5411875,21.36875,9.38125,4.88125,1.93125,1.2875,2.05625,116.8125,107.625,15.10625,0.5639375,0.48925,0.17575000000000002,18.48125,5.1375,15.6,10.48125,13.675,1.93125,2.70625,10.15,2.175,2.2,4.4,0.14725,-0.11874999999999991,1.24375,1.1312499999999999,1.50625,15.49375,0.51075,0.2161875,0.1781875,0.083,0.03325,0.48925,0.553125,0.6939375,0.4455625,0.4746666666666667,0.3425625,0.33175,0.5905,0.8984,0.0576875,22.6875,0.22525,0.348,17.5625,17.625,16.5,19.4375,28.9375,12.00625,-0.8625,27.0,18.9375,54.75,5.25,48.375,11.8125,337.5,11.4375,24.375
ORL,25.25,57.6875,25.625,1232.5,21.1,N/a,9.725,3.66875,0.95,2.725,2.0625,0.80625,0.50625,1.225,1.76875,195.625,439.5,0.4395,57.5625,180.6875,0.308625,138.0625,258.8125,0.533375,91.5,118.125,0.77325,0.51725,21.3,8.5125,4.54375,1.91875,1.2375,2.6875,111.0625,109.8125,13.631250000000001,0.548875,0.4765625,0.237375,19.28125,5.175,14.83125,9.76875,14.73125,1.91875,2.35625,11.76875,0.71875,1.94375,2.6625,0.1009375,-1.26875,1.0125,-0.25625,0.58125,15.44375,0.5234375,0.2211875,0.1804375,0.071125,0.050749999999999997,0.4765625,0.533375,0.6863125,0.4531875,0.377375,0.3459375,0.308625,0.5455625,0.87425,0.0680625,24.75,0.2875625,0.340875,21.875,19.6875,20.8125,17.9375,19.8125,-1.26875,-0.60625,32.3125,20.5625,51.25,7.8125,52.375,9.875,283.5625,11.6875,22.5625
PHI,26.857142857142858,40.333333333333336,18.571428571428573,936.952380952381,22.714285714285715,N/a,10.471428571428572,3.8619047619047615,0.980952380952381,2.8857142857142857,2.2666666666666666,0.819047619047619,0.4523809523809524,1.2666666666666668,1.7809523809523808,158.23809523809524,348.1904761904762,0.4519047619047619,51.142857142857146,148.42857142857142,0.30204761904761906,107.0952380952381,199.76190476190476,0.5396666666666666,70.28571428571429,89.23809523809524,0.7784761904761904,0.5247619047619048,21.504761904761907,8.461904761904762,4.757142857142857,1.7714285714285716,1.0285714285714287,2.638095238095238,112.33333333333333,118.28571428571429,13.91904761904762,0.5596190476190477,0.4346190476190476,0.2562857142857143,19.30952380952381,4.919047619047619,14.852380952380951,9.70952380952381,14.847619047619048,1.7714285714285716,2.0571428571428574,12.128571428571428,0.7809523809523808,0.5714285714285714,1.338095238095238,0.06466666666666668,-0.9428571428571427,-0.9142857142857143,-1.8571428571428572,0.1619047619047619,14.266666666666667,0.5653809523809524,0.24766666666666665,0.18285714285714286,0.08538095238095238,0.04942857142857143,0.4346190476190476,0.5396666666666666,0.6806666666666666,0.42676190476190473,0.43165000000000003,0.35005263157894734,0.30204761904761906,0.5085238095238095,0.8204,0.06090476190476191,15.666666666666666,0.26590476190476187,0.3491,22.38095238095238,22.333333333333332,14.857142857142858,17.428571428571427,23.142857142857142,-6.6,-0.261904761904762,23.761904761904763,16.666666666666668,37.333333333333336,6.238095238095238,40.142857142857146,4.714285714285714,229.28571428571428,10.142857142857142,20.571428571428573
PHO,28.466666666666665,58.93333333333333,27.933333333333334,1384.4,22.493333333333332,N/a,10.353333333333333,3.8800000000000003,0.8866666666666667,3.006666666666667,2.6,0.66,0.4666666666666667,1.26,1.6400000000000001,232.2,488.46666666666664,0.4796666666666667,80.73333333333333,213.06666666666666,0.29913333333333336,151.46666666666667,275.4,0.5374,94.0,116.46666666666667,0.7640666666666667,0.5573333333333333,21.233333333333334,9.0,5.420000000000001,1.4733333333333332,1.0799999999999998,2.566666666666667,116.2,118.93333333333334,14.386666666666667,0.5838666666666666,0.41386666666666666,0.23320000000000002,18.413333333333334,4.866666666666666,15.113333333333333,10.086666666666668,16.113333333333333,1.4666666666666666,2.0466666666666664,12.620000000000001,1.7466666666666666,0.6799999999999999,2.42,0.07886666666666667,-0.32000000000000006,-0.7,-1.0266666666666666,0.4666666666666667,14.713333333333333,0.5861333333333333,0.18713333333333332,0.21566666666666665,0.12986666666666666,0.053733333333333334,0.41386666666666666,0.5374,0.7428666666666667,0.4650666666666667,0.3948,0.4081428571428572,0.29913333333333336,0.5842666666666666,0.87175,0.082,22.333333333333332,0.3534666666666667,0.3495,28.733333333333334,15.2,16.333333333333332,19.2,20.733333333333334,-2.993333333333333,0.8800000000000001,41.266666666666666,21.466666666666665,56.333333333333336,7.333333333333333,49.333333333333336,7.533333333333333,398.6,9.866666666666667,23.533333333333335
POR,24.2,56.06666666666667,27.333333333333332,1304.4666666666667,22.5,N/a,10.146666666666667,4.38,1.2933333333333334,3.0733333333333333,2.1133333333333333,0.8466666666666666,0.58,1.3533333333333333,1.7466666666666666,220.46666666666667,489.26666666666665,0.4654666666666667,70.26666666666667,204.73333333333332,0.32720000000000005,150.2,284.53333333333336,0.5358666666666667,91.86666666666666,120.46666666666667,0.7311333333333334,0.5318,20.9,9.806666666666667,4.266666666666667,1.8266666666666667,1.3533333333333333,2.8200000000000003,113.53333333333333,113.93333333333334,14.186666666666667,0.5598,0.38980000000000004,0.2353333333333333,18.5,6.666666666666667,15.433333333333334,10.933333333333334,13.066666666666666,1.8266666666666667,2.5,13.106666666666666,1.04,1.3,2.3466666666666667,0.09079999999999999,-0.7733333333333333,0.4066666666666666,-0.3866666666666667,0.4666666666666667,12.82,0.6102000000000001,0.31506666666666666,0.2084666666666667,0.05373333333333333,0.032933333333333335,0.38980000000000004,0.5358666666666667,0.6823333333333333,0.3741333333333333,0.3352142857142857,0.3574615384615385,0.32720000000000005,0.5147999999999999,0.8984,0.09240000000000001,26.933333333333334,0.31706666666666666,0.34926666666666667,16.933333333333334,19.466666666666665,18.8,15.933333333333334,29.0,-3.5133333333333336,-0.17999999999999997,40.46666666666667,25.933333333333334,54.86666666666667,7.733333333333333,56.666666666666664,10.533333333333333,314.73333333333335,13.4,29.866666666666667
SAC,27.5,64.66666666666667,33.25,1639.5833333333333,23.46666666666667,N/a,11.416666666666666,4.625,1.1666666666666667,3.475,2.525,0.6916666666666668,0.4083333333333334,1.3,1.8166666666666667,299.3333333333333,609.3333333333334,0.48691666666666666,86.16666666666667,227.75,0.36474999999999996,213.16666666666666,381.5833333333333,0.5461666666666667,120.75,149.66666666666666,0.7558333333333334,0.5674166666666667,22.349999999999998,9.441666666666666,4.625,1.4749999999999999,0.875,2.533333333333333,117.83333333333333,116.5,14.966666666666667,0.5949166666666666,0.4216666666666667,0.24983333333333335,18.8,5.675,15.800000000000002,10.741666666666667,13.691666666666668,1.4749999999999999,1.75,11.674999999999999,2.441666666666667,1.3583333333333334,3.8166666666666664,0.103,0.125,-0.31666666666666665,-0.225,1.0166666666666668,14.658333333333333,0.5783333333333334,0.21091666666666664,0.22658333333333333,0.08125,0.05908333333333334,0.4216666666666667,0.5461666666666667,0.6934166666666667,0.49141666666666667,0.3824166666666667,0.38227272727272726,0.36474999999999996,0.6105833333333334,0.9055,0.08158333333333333,33.0,0.26458333333333334,0.3853333333333333,14.916666666666666,13.5,22.0,26.0,23.5,0.10833333333333338,0.85,43.166666666666664,28.666666666666668,69.75,11.0,71.33333333333333,8.833333333333334,427.25,16.916666666666668,29.916666666666668
SAS,25.533333333333335,60.4,30.066666666666666,1371.8666666666666,21.546666666666667,N/a,10.7,4.126666666666667,1.0133333333333332,3.1133333333333337,2.52,0.7466666666666666,0.58,1.28,1.5133333333333332,248.86666666666667,535.1333333333333,0.4781333333333333,82.13333333333334,231.4,0.3543076923076923,166.73333333333332,303.73333333333335,0.5494666666666668,99.26666666666667,127.13333333333334,0.7517333333333334,0.5514,22.8,9.373333333333333,5.38,1.7266666666666668,1.2466666666666666,2.8466666666666667,114.73333333333333,116.8,15.253333333333334,0.5792666666666667,0.40126666666666666,0.24006666666666668,19.913333333333334,5.46,15.366666666666667,10.4,15.946666666666665,1.7266666666666668,2.32,12.906666666666666,1.4200000000000002,0.9866666666666667,2.4066666666666667,0.08306666666666666,-0.31333333333333335,-0.48666666666666664,-0.8066666666666668,0.5466666666666666,13.653333333333334,0.5987333333333333,0.2784666666666667,0.19186666666666669,0.08566666666666665,0.0428,0.40126666666666666,0.5494666666666668,0.6959333333333333,0.45080000000000003,0.41766666666666663,0.30441666666666667,0.3543076923076923,0.5839333333333333,0.8500769230769231,0.08293333333333333,30.666666666666668,0.2573846153846154,0.35146153846153844,23.666666666666668,18.6,14.8,16.0,26.933333333333334,-2.94,-0.24666666666666662,40.13333333333333,25.333333333333332,46.666666666666664,5.866666666666666,59.93333333333333,5.666666666666667,400.6,13.933333333333334,25.866666666666667
TOR,25.133333333333333,49.46666666666667,25.333333333333332,1160.2,22.373333333333335,N/a,10.806666666666667,4.233333333333333,1.18,3.06,2.533333333333333,0.76,0.3733333333333333,1.2733333333333334,1.9,207.86666666666667,454.06666666666666,0.4457333333333333,58.733333333333334,169.6,0.32933333333333337,149.13333333333333,284.46666666666664,0.515,79.46666666666667,106.46666666666667,0.7806,0.5146666666666666,22.18,8.966666666666667,5.22,1.7066666666666668,0.76,2.5733333333333333,112.26666666666667,114.93333333333334,13.813333333333333,0.5478000000000001,0.4065333333333333,0.22826666666666667,19.7,5.6466666666666665,14.546666666666665,9.993333333333334,15.806666666666667,1.7066666666666668,1.5266666666666666,11.366666666666667,0.8,1.16,1.9666666666666666,0.0832,-0.8866666666666666,-0.15333333333333335,-1.0466666666666666,0.36666666666666664,13.44,0.5934666666666667,0.28813333333333335,0.1934,0.08273333333333334,0.0294,0.4065333333333333,0.515,0.6363333333333333,0.3953333333333333,0.35506666666666664,0.33442857142857146,0.32933333333333337,0.6274,0.919,0.062200000000000005,21.333333333333332,0.3042666666666667,0.40166666666666667,18.6,24.466666666666665,21.4,17.866666666666667,17.666666666666668,-3.433333333333333,0.8466666666666666,37.46666666666667,19.0,51.6,6.333333333333333,50.93333333333333,7.133333333333334,320.3333333333333,10.4,28.866666666666667
UTA,24.0625,51.0,25.625,1211.5625,23.25,N/a,10.799999999999999,4.575,1.275,3.31875,2.25,0.6625,0.40625,1.5125,1.85,203.0625,445.6875,0.4613125,70.5,200.5,0.32386666666666664,132.5625,245.1875,0.5489375,88.3125,113.375,0.775625,0.5347500000000001,21.29375,9.45625,4.4625,1.45625,0.78125,2.9875,112.8125,120.25,13.26875,0.5675625,0.4389375,0.25825,18.86875,5.94375,15.225,10.59375,13.893749999999999,1.45625,1.525,13.75,0.8625,0.4125,1.275,0.0546875,-0.9874999999999999,-1.13125,-2.13125,0.012499999999999983,14.25,0.5610625,0.1905,0.28125,0.065625,0.0238125,0.4389375,0.5489375,0.7016875,0.4946875,0.3877333333333333,0.3964,0.32386666666666664,0.54225,0.8646666666666667,0.08056250000000001,26.4375,0.3406,0.39253333333333335,13.125,21.5,23.1875,24.125,18.0625,-8.1,0.49375000000000013,38.875,26.25,51.25,8.3125,52.4375,5.0,313.125,14.0625,32.875
WAS,24.333333333333332,45.388888888888886,21.11111111111111,1021.1111111111111,20.533333333333335,N/a,8.894444444444444,3.466666666666667,0.8388888888888889,2.6333333333333333,2.1944444444444446,0.6777777777777778,0.4222222222222222,1.2166666666666666,1.6611111111111112,158.94444444444446,368.6111111111111,0.445,59.44444444444444,174.94444444444446,0.3050555555555555,99.5,193.66666666666666,0.5218888888888888,65.88888888888889,83.66666666666667,0.7711666666666667,0.5124444444444445,19.961111111111112,8.316666666666666,4.616666666666666,1.6222222222222222,0.9888888888888889,2.6333333333333333,109.0,118.72222222222223,12.516666666666667,0.548,0.4121666666666666,0.26122222222222224,18.366666666666667,4.555555555555555,13.661111111111111,9.105555555555556,14.52222222222222,1.6222222222222222,1.9055555555555554,12.45,0.21666666666666667,0.5166666666666667,0.7388888888888889,0.043388888888888894,-1.9944444444444445,-0.8444444444444446,-2.838888888888889,-0.18888888888888888,14.38888888888889,0.5878333333333333,0.23111111111111113,0.23233333333333336,0.08316666666666667,0.04111111111111111,0.4121666666666666,0.5218888888888888,0.6819999999999999,0.42227777777777775,0.3343333333333333,0.32925,0.3050555555555555,0.5680555555555555,0.8868823529411765,0.06238888888888889,16.444444444444443,0.24688888888888888,0.2951111111111111,13.944444444444445,24.72222222222222,22.61111111111111,21.666666666666668,17.22222222222222,-10.13888888888889,0.461111111111111,31.166666666666668,19.0,44.44444444444444,5.222222222222222,36.333333333333336,5.111111111111111,265.27777777777777,7.611111111111111,20.77777777777778
