Team,PTS,TRB,AST,TS%,BPM,WS,TOV,PF,DRtg
ATL,10.706666666666667,4.446666666666667,2.7733333333333334,0.5808,-0.42000000000000004,2.8800000000000003,1.32,1.8533333333333333,115.2
BOS,10.657142857142857,4.2785714285714285,2.3214285714285716,0.5672857142857143,0.5428571428571428,4.485714285714286,1.0142857142857142,1.5214285714285716,111.28571428571429
BRK,10.35625,3.96875,2.15,0.5367500000000001,-2.4,1.425,1.33125,1.89375,116.125
CHI,9.506666666666666,3.8866666666666663,2.6333333333333333,0.5679333333333333,-0.92,2.5266666666666664,1.1466666666666667,1.5933333333333333,115.73333333333333
CHO,9.805,4.16,2.535,0.5262,-2.4850000000000003,1.0100000000000002,1.53,1.8,116.7
CLE,10.592857142857143,3.992857142857143,2.3214285714285716,0.5872857142857143,0.9428571428571428,4.478571428571429,1.0714285714285714,1.6142857142857143,113.07142857142857
DAL,10.261111111111111,4.161111111111111,2.161111111111111,0.5993888888888889,-0.25,2.3944444444444444,1.1722222222222223,1.6833333333333333,115.94444444444444
DEN,11.292307692307693,4.369230769230769,2.9384615384615387,0.5791538461538461,-0.423076923076923,3.9615384615384617,1.2846153846153845,1.6846153846153844,116.46153846153847
DET,10.971428571428572,4.014285714285714,2.6357142857142857,0.5747142857142856,-0.03571428571428569,3.4857142857142853,1.4000000000000001,1.9785714285714284,112.78571428571429
GSW,10.092307692307692,4.1,2.6153846153846154,0.5684615384615385,0.7384615384615384,3.623076923076923,1.1692307692307693,1.623076923076923,111.61538461538461
HOU,9.873333333333333,4.346666666666667,2.02,0.5597333333333334,0.58,3.5266666666666664,1.12,1.6733333333333333,111.2
IND,10.607692307692307,3.7384615384615385,2.623076923076923,0.5875384615384616,0.0,3.623076923076923,1.0769230769230769,1.7461538461538462,114.23076923076923
LAC,10.235714285714286,3.9,2.4285714285714284,0.5785,0.00714285714285715,3.6714285714285713,1.3,1.6428571428571428,112.42857142857143
LAL,9.453333333333331,3.9,2.2866666666666666,0.5803333333333334,-0.8333333333333334,2.8266666666666667,1.16,1.72,114.8
MEM,10.366666666666667,4.073333333333333,2.3466666666666667,0.5845333333333333,0.6,3.246666666666667,1.24,1.7266666666666666,113.6
MIA,10.26,4.066666666666666,2.4866666666666664,0.5704666666666667,-0.22666666666666666,2.993333333333333,1.22,1.6,112.66666666666667
MIL,11.592307692307692,4.515384615384615,2.5538461538461537,0.5878461538461539,-0.43846153846153846,3.4384615384615387,1.330769230769231,1.7692307692307692,113.6923076923077
MIN,9.942857142857141,3.7214285714285715,2.2714285714285714,0.5830714285714286,0.5642857142857143,3.892857142857143,1.2142857142857142,1.6285714285714286,111.5
NOP,11.563157894736841,4.410526315789474,2.636842105263158,0.5584736842105263,-1.8263157894736843,1.1578947368421053,1.5052631578947369,1.9473684210526316,118.84210526315789
NYK,10.8,4.176923076923076,2.630769230769231,0.5722307692307692,-0.08461538461538456,3.930769230769231,1.1692307692307693,1.6615384615384614,114.15384615384616
OKC,9.93125,3.9812499999999997,2.23125,0.5639375,1.1312499999999999,4.4,0.95,1.73125,107.625
ORL,9.725,3.66875,2.0625,0.548875,-0.25625,2.6625,1.225,1.76875,109.8125
PHI,10.471428571428572,3.8619047619047615,2.2666666666666666,0.5596190476190477,-1.8571428571428572,1.338095238095238,1.2666666666666668,1.7809523809523808,118.28571428571429
PHO,10.353333333333333,3.8800000000000003,2.6,0.5838666666666666,-1.0266666666666666,2.42,1.26,1.6400000000000001,118.93333333333334
POR,10.146666666666667,4.38,2.1133333333333333,0.5598,-0.3866666666666667,2.3466666666666667,1.3533333333333333,1.7466666666666666,113.93333333333334
SAC,11.416666666666666,4.625,2.525,0.5949166666666666,-0.225,3.8166666666666664,1.3,1.8166666666666667,116.5
SAS,10.7,4.126666666666667,2.52,0.5792666666666667,-0.8066666666666668,2.4066666666666667,1.28,1.5133333333333332,116.8
TOR,10.806666666666667,4.233333333333333,2.533333333333333,0.5478000000000001,-1.0466666666666666,1.9666666666666666,1.2733333333333334,1.9,114.93333333333334
UTA,10.799999999999999,4.575,2.25,0.5675625,-2.13125,1.275,1.5125,1.85,120.25
WAS,8.894444444444444,3.466666666666667,2.1944444444444446,0.548,-2.838888888888889,0.7388888888888889,1.2166666666666666,1.6611111111111112,118.72222222222223
