Statistic,Category,Rank,Player,Team,Value
Age,highest,1,LeBron James,LAL,40.0
Age,highest,2,Chris Paul,SAS,39.0
Age,highest,3,Taj Gibson,CHO,39.0
Age,lowest,1,Alex Sarr,WAS,19.0
Age,lowest,2,Bub Carrington,WAS,19.0
Age,lowest,3,Ron Holland,DET,19.0
G,highest,1,Bub Carrington,WAS,82.0
G,highest,2,Buddy Hield,GSW,82.0
G,highest,3,Chris Paul,SAS,82.0
G,lowest,1,Drew Timme,BRK,9.0
G,lowest,2,Marcus Bagley,PHI,10.0
G,lowest,3,Tre Mann,CHO,13.0
GS,highest,1,Chris Paul,SAS,82.0
GS,highest,2,Harrison Barnes,SAS,82.0
GS,highest,3,Jaden McDaniels,MIN,82.0
GS,lowest,1,Adam Flagler,OKC,0.0
GS,lowest,2,Alex Reese,PHI,0.0
GS,lowest,3,Anthony Gill,WAS,0.0
MP,highest,1,Mikal Bridges,NYK,3036.0
MP,highest,2,Josh Hart,NYK,2897.0
MP,highest,3,Anthony Edwards,MIN,2871.0
MP,lowest,1,Adam Flagler,OKC,203.0
MP,lowest,2,Dario Šarić,DEN,210.0
MP,lowest,3,Alex Reese,PHI,216.0
MP/G,highest,1,Tyrese Maxey,PHI,37.7
MP/G,highest,2,Josh Hart,NYK,37.6
MP/G,highest,3,Devin Booker,PHO,37.3
MP/G,lowest,1,Adam Flagler,OKC,5.5
MP/G,lowest,2,Luka Garza,MIN,5.6
MP/G,lowest,3,Josh Minott,MIN,6.0
PTS,highest,1,Shai Gilgeous-Alexander,OKC,32.7
PTS,highest,2,Giannis Antetokounmpo,MIL,30.4
PTS,highest,3,Nikola Jokić,DEN,29.6
PTS,lowest,1,Xavier Tillman Sr.,BOS,1.0
PTS,lowest,2,Alex Len,LAL,1.6
PTS,lowest,3,Jordan Walsh,BOS,1.6
TRB,highest,1,Domantas Sabonis,SAC,13.9
TRB,highest,2,Karl-Anthony Towns,NYK,12.8
TRB,highest,3,Nikola Jokić,DEN,12.7
TRB,lowest,1,Doug McDermott,SAC,0.5
TRB,lowest,2,Adam Flagler,OKC,0.7
TRB,lowest,3,Jordan McLaughlin,SAS,0.7
ORB,highest,1,Walker Kessler,UTA,4.6
ORB,highest,2,Domantas Sabonis,SAC,3.8
ORB,highest,3,Ivica Zubac,LAC,3.8
ORB,lowest,1,Doug McDermott,SAC,0.1
ORB,lowest,2,Jevon Carter,CHI,0.1
ORB,lowest,3,Jordan McLaughlin,SAS,0.1
DRB,highest,1,Domantas Sabonis,SAC,10.1
DRB,highest,2,Nikola Jokić,DEN,9.9
DRB,highest,3,Karl-Anthony Towns,NYK,9.8
DRB,lowest,1,Adam Flagler,OKC,0.5
DRB,lowest,2,Doug McDermott,SAC,0.5
DRB,lowest,3,Jordan McLaughlin,SAS,0.5
AST,highest,1,Trae Young,ATL,11.6
AST,highest,2,Nikola Jokić,DEN,10.2
AST,highest,3,Tyrese Haliburton,IND,9.2
AST,lowest,1,Doug McDermott,SAC,0.2
AST,lowest,2,Xavier Tillman Sr.,BOS,0.2
AST,lowest,3,Adam Flagler,OKC,0.3
STL,highest,1,Dyson Daniels,ATL,3.0
STL,highest,2,Matisse Thybulle,POR,2.2
STL,highest,3,Dejounte Murray,NOP,2.0
STL,lowest,1,Ariel Hukporti,NYK,0.0
STL,lowest,2,Doug McDermott,SAC,0.1
STL,lowest,3,Isaac Jones,SAC,0.1
BLK,highest,1,Victor Wembanyama,SAS,3.8
BLK,highest,2,Walker Kessler,UTA,2.4
BLK,highest,3,Anthony Davis,DAL,2.2
BLK,lowest,1,Anthony Gill,WAS,0.0
BLK,lowest,2,Cam Spencer,MEM,0.0
BLK,lowest,3,Doug McDermott,SAC,0.0
TOV,highest,1,Trae Young,ATL,4.7
TOV,highest,2,Cade Cunningham,DET,4.4
TOV,highest,3,James Harden,LAC,4.3
TOV,lowest,1,Adam Flagler,OKC,0.1
TOV,lowest,2,Dominick Barlow,ATL,0.1
TOV,lowest,3,Doug McDermott,SAC,0.1
PF,highest,1,Jaren Jackson Jr.,MEM,3.5
PF,highest,2,Karl-Anthony Towns,NYK,3.5
PF,highest,3,Domantas Sabonis,SAC,3.3
PF,lowest,1,Adam Flagler,OKC,0.4
PF,lowest,2,Jevon Carter,CHI,0.4
PF,lowest,3,Jordan McLaughlin,SAS,0.4
FG,highest,1,Shai Gilgeous-Alexander,OKC,860.0
FG,highest,2,Giannis Antetokounmpo,MIL,793.0
FG,highest,3,Nikola Jokić,DEN,786.0
FG,lowest,1,Xavier Tillman Sr.,BOS,13.0
FG,lowest,2,Garrett Temple,TOR,18.0
FG,lowest,3,Ariel Hukporti,NYK,21.0
FGA,highest,1,Shai Gilgeous-Alexander,OKC,1656.0
FGA,highest,2,Anthony Edwards,MIN,1612.0
FGA,highest,3,Jayson Tatum,BOS,1465.0
FGA,lowest,1,Ariel Hukporti,NYK,31.0
FGA,lowest,2,Xavier Tillman Sr.,BOS,53.0
FGA,lowest,3,Alex Reese,PHI,54.0
FG%,highest,1,Kai Jones,DAL,0.798
FG%,highest,2,Jaxson Hayes,LAL,0.722
FG%,highest,3,Jarrett Allen,CLE,0.706
FG%,lowest,1,Xavier Tillman Sr.,BOS,0.245
FG%,lowest,2,Adam Flagler,OKC,0.26
FG%,lowest,3,Garrett Temple,TOR,0.3
3P,highest,1,Anthony Edwards,MIN,320.0
3P,highest,2,Malik Beasley,DET,319.0
3P,highest,3,Stephen Curry,GSW,311.0
3P,lowest,1,Adem Bona,PHI,0.0
3P,lowest,2,Ariel Hukporti,NYK,0.0
3P,lowest,3,Ben Simmons,LAC,0.0
3PA,highest,1,Anthony Edwards,MIN,811.0
3PA,highest,2,Stephen Curry,GSW,784.0
3PA,highest,3,Malik Beasley,DET,766.0
3PA,lowest,1,Ariel Hukporti,NYK,0.0
3PA,lowest,2,Ben Simmons,LAC,0.0
3PA,lowest,3,Bismack Biyombo,SAS,0.0
3P%,highest,1,Dru Smith,MIA,0.533
3P%,highest,2,Drew Eubanks,LAC,0.5
3P%,highest,3,Taj Gibson,CHO,0.5
3P%,lowest,1,Adem Bona,PHI,0.0
3P%,lowest,2,Christian Koloko,LAL,0.0
3P%,lowest,3,Clint Capela,ATL,0.0
2P,highest,1,Giannis Antetokounmpo,MIL,779.0
2P,highest,2,Shai Gilgeous-Alexander,OKC,697.0
2P,highest,3,Nikola Jokić,DEN,648.0
2P,lowest,1,Dariq Whitehead,BRK,6.0
2P,lowest,2,Doug McDermott,SAC,6.0
2P,lowest,3,Xavier Tillman Sr.,BOS,8.0
2PA,highest,1,Giannis Antetokounmpo,MIL,1256.0
2PA,highest,2,Shai Gilgeous-Alexander,OKC,1221.0
2PA,highest,3,Alperen Şengün,HOU,1053.0
2PA,lowest,1,Alex Reese,PHI,13.0
2PA,lowest,2,Doug McDermott,SAC,16.0
2PA,lowest,3,Patty Mills,LAC,21.0
2P%,highest,1,Alex Reese,PHI,0.846
2P%,highest,2,Kai Jones,DAL,0.827
2P%,highest,3,Jeff Green,HOU,0.762
2P%,lowest,1,Dariq Whitehead,BRK,0.273
2P%,lowest,2,Elfrid Payton,CHO,0.336
2P%,lowest,3,Vasilije Micić,PHO,0.338
FT,highest,1,Shai Gilgeous-Alexander,OKC,601.0
FT,highest,2,James Harden,LAC,505.0
FT,highest,3,Trae Young,ATL,491.0
FT,lowest,1,Adam Flagler,OKC,1.0
FT,lowest,2,Dariq Whitehead,BRK,3.0
FT,lowest,3,Doug McDermott,SAC,3.0
FTA,highest,1,Giannis Antetokounmpo,MIL,707.0
FTA,highest,2,Shai Gilgeous-Alexander,OKC,669.0
FTA,highest,3,James Harden,LAC,578.0
FTA,lowest,1,Adam Flagler,OKC,2.0
FTA,lowest,2,Xavier Tillman Sr.,BOS,4.0
FTA,lowest,3,Dariq Whitehead,BRK,5.0
FT%,highest,1,Cam Spencer,MEM,1.0
FT%,highest,2,Keaton Wallace,ATL,1.0
FT%,highest,3,Sam Hauser,BOS,1.0
FT%,lowest,1,Tristan Thompson,CLE,0.233
FT%,lowest,2,Trey Jemison,LAL,0.394
FT%,lowest,3,Bismack Biyombo,SAS,0.4
eFG%,highest,1,Kai Jones,DAL,0.803
eFG%,highest,2,Jaxson Hayes,LAL,0.722
eFG%,highest,3,Jarrett Allen,CLE,0.706
eFG%,lowest,1,Xavier Tillman Sr.,BOS,0.292
eFG%,lowest,2,Elfrid Payton,CHO,0.332
eFG%,lowest,3,Adam Flagler,OKC,0.333
PTS_per100,highest,1,Shai Gilgeous-Alexander,OKC,45.9
PTS_per100,highest,2,Giannis Antetokounmpo,MIL,43.0
PTS_per100,highest,3,Zion Williamson,NOP,41.7
PTS_per100,lowest,1,Xavier Tillman Sr.,BOS,7.4
PTS_per100,lowest,2,Jericho Sims,MIL,7.6
PTS_per100,lowest,3,Maxi Kleber,DAL,7.8
TRB_per100,highest,1,Oscar Tshiebwe,UTA,23.0
TRB_per100,highest,2,Andre Drummond,PHI,20.4
TRB_per100,highest,3,Steven Adams,HOU,20.0
TRB_per100,lowest,1,Eric Gordon,PHI,3.0
TRB_per100,lowest,2,Gabe Vincent,LAL,3.0
TRB_per100,lowest,3,Doug McDermott,SAC,3.1
AST_per100,highest,1,Elfrid Payton,CHO,15.8
AST_per100,highest,2,Trae Young,ATL,15.0
AST_per100,highest,3,Nikola Jokić,DEN,13.4
AST_per100,lowest,1,Alex Reese,PHI,0.9
AST_per100,lowest,2,Doug McDermott,SAC,1.0
AST_per100,lowest,3,JT Thor,WAS,1.1
STL_per100,highest,1,Matisse Thybulle,POR,5.1
STL_per100,highest,2,Paul Reed,DET,4.3
STL_per100,highest,3,Dyson Daniels,ATL,4.2
STL_per100,lowest,1,Ariel Hukporti,NYK,0.2
STL_per100,lowest,2,Tristan Thompson,CLE,0.3
STL_per100,lowest,3,Doug McDermott,SAC,0.6
BLK_per100,highest,1,Victor Wembanyama,SAS,5.6
BLK_per100,highest,2,Robert Williams,POR,4.6
BLK_per100,highest,3,Branden Carlson,OKC,4.1
BLK_per100,lowest,1,Isaiah Wong,CHO,0.0
BLK_per100,lowest,2,Jared McCain,PHI,0.0
BLK_per100,lowest,3,Jaylen Martin,WAS,0.0
TOV_per100,highest,1,Cade Cunningham,DET,6.1
TOV_per100,highest,2,Trae Young,ATL,6.1
TOV_per100,highest,3,James Harden,LAC,6.0
TOV_per100,lowest,1,Dominick Barlow,ATL,0.6
TOV_per100,lowest,2,Sam Hauser,BOS,0.7
TOV_per100,lowest,3,Caleb Houstan,ORL,0.8
ORtg,highest,1,Luke Kornet,BOS,152.0
ORtg,highest,2,Kai Jones,DAL,147.0
ORtg,highest,3,Dwight Powell,DAL,144.0
ORtg,lowest,1,Xavier Tillman Sr.,BOS,67.0
ORtg,lowest,2,Adam Flagler,OKC,80.0
ORtg,lowest,3,Damion Baugh,CHO,87.0
DRtg,highest,1,Collin Sexton,UTA,124.0
DRtg,highest,2,AJ Johnson,WAS,123.0
DRtg,highest,3,Antonio Reeves,NOP,123.0
DRtg,lowest,1,Chet Holmgren,OKC,103.0
DRtg,lowest,2,Jonathan Isaac,ORL,103.0
DRtg,lowest,3,Paul Reed,DET,103.0
PER,highest,1,Nikola Jokić,DEN,32.0
PER,highest,2,Shai Gilgeous-Alexander,OKC,30.7
PER,highest,3,Giannis Antetokounmpo,MIL,30.5
PER,lowest,1,Xavier Tillman Sr.,BOS,2.4
PER,lowest,2,Adam Flagler,OKC,3.7
PER,lowest,3,Cody Williams,UTA,3.7
TS%,highest,1,Kai Jones,DAL,0.804
TS%,highest,2,Jarrett Allen,CLE,0.724
TS%,highest,3,Jaxson Hayes,LAL,0.72
TS%,lowest,1,Xavier Tillman Sr.,BOS,0.31
TS%,lowest,2,Adam Flagler,OKC,0.335
TS%,lowest,3,Elfrid Payton,CHO,0.34
3PAr,highest,1,Sam Merrill,CLE,0.868
3PAr,highest,2,Doug McDermott,SAC,0.863
3PAr,highest,3,A.J. Green,MIL,0.856
3PAr,lowest,1,Ariel Hukporti,NYK,0.0
3PAr,lowest,2,Ben Simmons,LAC,0.0
3PAr,lowest,3,Bismack Biyombo,SAS,0.0
FTr,highest,1,Dwight Powell,DAL,0.705
FTr,highest,2,Jimmy Butler,GSW,0.657
FTr,highest,3,Mason Plumlee,PHO,0.634
FTr,lowest,1,Adam Flagler,OKC,0.021
FTr,lowest,2,Sam Hauser,BOS,0.023
FTr,lowest,3,Doug McDermott,SAC,0.043
USG%,highest,1,LaMelo Ball,CHO,35.9
USG%,highest,2,Giannis Antetokounmpo,MIL,35.2
USG%,highest,3,Shai Gilgeous-Alexander,OKC,34.8
USG%,lowest,1,Dwight Powell,DAL,7.6
USG%,lowest,2,Jericho Sims,MIL,7.6
USG%,lowest,3,John Konchar,MEM,8.0
ORB%,highest,1,Steven Adams,HOU,21.8
ORB%,highest,2,Mitchell Robinson,NYK,20.8
ORB%,highest,3,Oscar Tshiebwe,UTA,19.6
ORB%,lowest,1,Tyrese Maxey,PHI,0.8
ORB%,lowest,2,Spencer Dinwiddie,DAL,0.9
ORB%,lowest,3,Tim Hardaway Jr.,DET,0.9
DRB%,highest,1,Tristan Thompson,CLE,32.7
DRB%,highest,2,Domantas Sabonis,SAC,32.6
DRB%,highest,3,Jusuf Nurkić,CHO,32.0
DRB%,lowest,1,Gabe Vincent,LAL,5.2
DRB%,lowest,2,Jaylen Clark,MIN,5.6
DRB%,lowest,3,Eric Gordon,PHI,5.8
TRB%,highest,1,Oscar Tshiebwe,UTA,25.8
TRB%,highest,2,Andre Drummond,PHI,23.4
TRB%,highest,3,DeAndre Jordan,DEN,22.6
TRB%,lowest,1,Eric Gordon,PHI,3.4
TRB%,lowest,2,Gabe Vincent,LAL,3.4
TRB%,lowest,3,Doug McDermott,SAC,3.6
AST%,highest,1,Trae Young,ATL,46.4
AST%,highest,2,Nikola Jokić,DEN,44.1
AST%,highest,3,LaMelo Ball,CHO,43.8
AST%,lowest,1,Alex Reese,PHI,2.6
AST%,lowest,2,Doug McDermott,SAC,2.8
AST%,lowest,3,JT Thor,WAS,3.3
STL%,highest,1,Matisse Thybulle,POR,5.1
STL%,highest,2,Paul Reed,DET,4.3
STL%,highest,3,Dyson Daniels,ATL,4.2
STL%,lowest,1,Ariel Hukporti,NYK,0.2
STL%,lowest,2,Tristan Thompson,CLE,0.3
STL%,lowest,3,Nick Richards,PHO,0.5
BLK%,highest,1,Victor Wembanyama,SAS,10.4
BLK%,highest,2,Branden Carlson,OKC,8.6
BLK%,highest,3,Robert Williams,POR,8.5
BLK%,lowest,1,Isaiah Wong,CHO,0.0
BLK%,lowest,2,Jared McCain,PHI,0.0
BLK%,lowest,3,Jaylen Martin,WAS,0.0
TOV%,highest,1,Ariel Hukporti,NYK,36.4
TOV%,highest,2,Elfrid Payton,CHO,32.1
TOV%,highest,3,Jericho Sims,MIL,30.1
TOV%,lowest,1,Dominick Barlow,ATL,3.8
TOV%,lowest,2,Adam Flagler,OKC,4.0
TOV%,lowest,3,Sam Hauser,BOS,4.6
OWS,highest,1,Nikola Jokić,DEN,12.7
OWS,highest,2,Shai Gilgeous-Alexander,OKC,11.9
OWS,highest,3,Tyrese Haliburton,IND,8.1
OWS,lowest,1,Kyle Kuzma,MIL,-2.3
OWS,lowest,2,Alex Sarr,WAS,-1.6
OWS,lowest,3,Isaiah Collier,UTA,-1.3
DWS,highest,1,Shai Gilgeous-Alexander,OKC,4.8
DWS,highest,2,Ivica Zubac,LAC,4.7
DWS,highest,3,James Harden,LAC,4.3
DWS,lowest,1,Collin Sexton,UTA,-0.1
DWS,lowest,2,AJ Johnson,WAS,0.0
DWS,lowest,3,Antonio Reeves,NOP,0.0
WS,highest,1,Shai Gilgeous-Alexander,OKC,16.7
WS,highest,2,Nikola Jokić,DEN,16.4
WS,highest,3,Ivica Zubac,LAC,11.7
WS,lowest,1,Cody Williams,UTA,-1.2
WS,lowest,2,Vasilije Micić,PHO,-1.0
WS,lowest,3,Kyle Kuzma,MIL,-0.9
WS/48,highest,1,Shai Gilgeous-Alexander,OKC,0.309
WS/48,highest,2,Nikola Jokić,DEN,0.307
WS/48,highest,3,Luke Kornet,BOS,0.246
WS/48,lowest,1,Damion Baugh,CHO,-0.069
WS/48,lowest,2,Adam Flagler,OKC,-0.062
WS/48,lowest,3,Vasilije Micić,PHO,-0.06
OBPM,highest,1,Nikola Jokić,DEN,9.9
OBPM,highest,2,Shai Gilgeous-Alexander,OKC,8.9
OBPM,highest,3,Giannis Antetokounmpo,MIL,6.9
OBPM,lowest,1,Xavier Tillman Sr.,BOS,-8.4
OBPM,lowest,2,Adam Flagler,OKC,-8.1
OBPM,lowest,3,Reece Beekman,BRK,-6.7
DBPM,highest,1,Matisse Thybulle,POR,5.1
DBPM,highest,2,Paul Reed,DET,4.0
DBPM,highest,3,Alex Caruso,OKC,3.9
DBPM,lowest,1,Jordan Hawkins,NOP,-3.0
DBPM,lowest,2,Drew Timme,BRK,-2.8
DBPM,lowest,3,Trae Young,ATL,-2.7
BPM,highest,1,Nikola Jokić,DEN,13.3
BPM,highest,2,Shai Gilgeous-Alexander,OKC,11.5
BPM,highest,3,Giannis Antetokounmpo,MIL,9.5
BPM,lowest,1,Adam Flagler,OKC,-10.3
BPM,lowest,2,AJ Johnson,WAS,-8.1
BPM,lowest,3,Xavier Tillman Sr.,BOS,-8.1
VORP,highest,1,Nikola Jokić,DEN,9.8
VORP,highest,2,Shai Gilgeous-Alexander,OKC,8.9
VORP,highest,3,Giannis Antetokounmpo,MIL,6.6
VORP,lowest,1,Bub Carrington,WAS,-1.6
VORP,lowest,2,Isaiah Collier,UTA,-1.6
VORP,lowest,3,Cody Williams,UTA,-1.4
AvgDist,highest,1,A.J. Green,MIL,24.0
AvgDist,highest,2,Doug McDermott,SAC,23.3
AvgDist,highest,3,Patty Mills,LAC,23.1
AvgDist,lowest,1,Mitchell Robinson,NYK,1.1
AvgDist,lowest,2,Adem Bona,PHI,2.3
AvgDist,lowest,3,DeAndre Jordan,DEN,2.3
%FGA_2P,highest,1,Ariel Hukporti,NYK,1.0
%FGA_2P,highest,2,Ben Simmons,LAC,1.0
%FGA_2P,highest,3,Bismack Biyombo,SAS,1.0
%FGA_2P,lowest,1,Sam Merrill,CLE,0.132
%FGA_2P,lowest,2,Doug McDermott,SAC,0.137
%FGA_2P,lowest,3,A.J. Green,MIL,0.144
%FGA_0-3ft,highest,1,Mitchell Robinson,NYK,0.893
%FGA_0-3ft,highest,2,Rudy Gobert,MIN,0.757
%FGA_0-3ft,highest,3,Adem Bona,PHI,0.755
%FGA_0-3ft,lowest,1,Patty Mills,LAC,0.021
%FGA_0-3ft,lowest,2,Chris Paul,SAS,0.026
%FGA_0-3ft,lowest,3,A.J. Green,MIL,0.028
%FGA_3-10ft,highest,1,Oscar Tshiebwe,UTA,0.629
%FGA_3-10ft,highest,2,Drew Eubanks,LAC,0.546
%FGA_3-10ft,highest,3,Elfrid Payton,CHO,0.525
%FGA_3-10ft,lowest,1,A.J. Green,MIL,0.017
%FGA_3-10ft,lowest,2,Sam Merrill,CLE,0.028
%FGA_3-10ft,lowest,3,Sam Hauser,BOS,0.032
%FGA_10-16ft,highest,1,Kevin Durant,PHO,0.312
%FGA_10-16ft,highest,2,DeMar DeRozan,SAC,0.299
%FGA_10-16ft,highest,3,Oso Ighodaro,PHO,0.278
%FGA_10-16ft,lowest,1,Alex Reese,PHI,0.0
%FGA_10-16ft,lowest,2,Branden Carlson,OKC,0.0
%FGA_10-16ft,lowest,3,DeAndre Jordan,DEN,0.0
%FGA_16ft-3P,highest,1,DeMar DeRozan,SAC,0.269
%FGA_16ft-3P,highest,2,Joel Embiid,PHI,0.165
%FGA_16ft-3P,highest,3,Jamal Murray,DEN,0.163
%FGA_16ft-3P,lowest,1,A.J. Lawson,TOR,0.0
%FGA_16ft-3P,lowest,2,Adem Bona,PHI,0.0
%FGA_16ft-3P,lowest,3,AJ Johnson,WAS,0.0
%FGA_3P,highest,1,Sam Merrill,CLE,0.868
%FGA_3P,highest,2,Doug McDermott,SAC,0.863
%FGA_3P,highest,3,A.J. Green,MIL,0.856
%FGA_3P,lowest,1,Ariel Hukporti,NYK,0.0
%FGA_3P,lowest,2,Ben Simmons,LAC,0.0
%FGA_3P,lowest,3,Bismack Biyombo,SAS,0.0
FG%_2P,highest,1,Alex Reese,PHI,0.846
FG%_2P,highest,2,Kai Jones,DAL,0.827
FG%_2P,highest,3,Jeff Green,HOU,0.762
FG%_2P,lowest,1,Dariq Whitehead,BRK,0.273
FG%_2P,lowest,2,Elfrid Payton,CHO,0.336
FG%_2P,lowest,3,Vasilije Micić,PHO,0.338
FG%_0-3ft,highest,1,Alex Reese,PHI,1.0
FG%_0-3ft,highest,2,Kai Jones,DAL,0.944
FG%_0-3ft,highest,3,Monte Morris,PHO,0.909
FG%_0-3ft,lowest,1,Pat Spencer,GSW,0.286
FG%_0-3ft,lowest,2,Kevin Love,MIA,0.318
FG%_0-3ft,lowest,3,Dariq Whitehead,BRK,0.333
FG%_3-10ft,highest,1,Bol Bol,PHO,0.759
FG%_3-10ft,highest,2,Jeff Green,HOU,0.75
FG%_3-10ft,highest,3,Kai Jones,DAL,0.706
FG%_3-10ft,lowest,1,A.J. Green,MIL,0.143
FG%_3-10ft,lowest,2,Adam Flagler,OKC,0.167
FG%_3-10ft,lowest,3,Mitchell Robinson,NYK,0.167
FG%_10-16ft,highest,1,Christian Koloko,LAL,1.0
FG%_10-16ft,highest,2,Torrey Craig,BOS,1.0
FG%_10-16ft,highest,3,Zeke Nnaji,DEN,1.0
FG%_10-16ft,lowest,1,A.J. Lawson,TOR,0.0
FG%_10-16ft,lowest,2,Adem Bona,PHI,0.0
FG%_10-16ft,lowest,3,AJ Johnson,WAS,0.0
FG%_16ft-3P,highest,1,Alex Reese,PHI,1.0
FG%_16ft-3P,highest,2,Delon Wright,NYK,1.0
FG%_16ft-3P,highest,3,Drew Timme,BRK,1.0
FG%_16ft-3P,lowest,1,Alex Len,LAL,0.0
FG%_16ft-3P,lowest,2,Andre Drummond,PHI,0.0
FG%_16ft-3P,lowest,3,Anthony Gill,WAS,0.0
FG%_3P,highest,1,Dru Smith,MIA,0.533
FG%_3P,highest,2,Drew Eubanks,LAC,0.5
FG%_3P,highest,3,Taj Gibson,CHO,0.5
FG%_3P,lowest,1,Adem Bona,PHI,0.0
FG%_3P,lowest,2,Christian Koloko,LAL,0.0
FG%_3P,lowest,3,Clint Capela,ATL,0.0
%Assisted_2P,highest,1,Doug McDermott,SAC,1.0
%Assisted_2P,highest,2,Ariel Hukporti,NYK,0.952
%Assisted_2P,highest,3,Caleb Houstan,ORL,0.938
%Assisted_2P,lowest,1,Damian Lillard,MIL,0.158
%Assisted_2P,lowest,2,Tre Mann,CHO,0.174
%Assisted_2P,lowest,3,James Harden,LAC,0.176
%Assisted_3P,highest,1,Alex Len,LAL,1.0
%Assisted_3P,highest,2,Alex Reese,PHI,1.0
%Assisted_3P,highest,3,Anthony Gill,WAS,1.0
%Assisted_3P,lowest,1,Trae Young,ATL,0.294
%Assisted_3P,lowest,2,Shai Gilgeous-Alexander,OKC,0.35
%Assisted_3P,lowest,3,James Harden,LAC,0.37
Dunks_%FGA,highest,1,Kai Jones,DAL,0.596
Dunks_%FGA,highest,2,Jaxson Hayes,LAL,0.578
Dunks_%FGA,highest,3,Jericho Sims,MIL,0.577
Dunks_%FGA,lowest,1,A.J. Green,MIL,0.0
Dunks_%FGA,lowest,2,Aaron Holiday,HOU,0.0
Dunks_%FGA,lowest,3,Adam Flagler,OKC,0.0
Dunks,highest,1,Giannis Antetokounmpo,MIL,243.0
Dunks,highest,2,Rudy Gobert,MIN,225.0
Dunks,highest,3,Jalen Duren,DET,219.0
Dunks,lowest,1,A.J. Green,MIL,0.0
Dunks,lowest,2,Aaron Holiday,HOU,0.0
Dunks,lowest,3,Adam Flagler,OKC,0.0
Corner3_%3PA,highest,1,Adem Bona,PHI,1.0
Corner3_%3PA,highest,2,Nick Richards,PHO,1.0
Corner3_%3PA,highest,3,Taj Gibson,CHO,1.0
Corner3_%3PA,lowest,1,Clint Capela,ATL,0.0
Corner3_%3PA,lowest,2,Joel Embiid,PHI,0.0
Corner3_%3PA,lowest,3,Oso Ighodaro,PHO,0.0
Corner3_3P%,highest,1,Jakob Poeltl,TOR,1.0
Corner3_3P%,highest,2,Kevon Looney,GSW,1.0
Corner3_3P%,highest,3,Dru Smith,MIA,0.636
Corner3_3P%,lowest,1,Adam Flagler,OKC,0.0
Corner3_3P%,lowest,2,Adem Bona,PHI,0.0
Corner3_3P%,lowest,3,Christian Koloko,LAL,0.0
%Time_PG,highest,1,Aaron Holiday,HOU,100.0
%Time_PG,highest,2,Brandon Williams,DAL,100.0
%Time_PG,highest,3,Chris Paul,SAS,100.0
%Time_PG,lowest,1,Aaron Gordon,DEN,0.0
%Time_PG,lowest,2,Aaron Nesmith,IND,0.0
%Time_PG,lowest,3,Adem Bona,PHI,0.0
%Time_SG,highest,1,Jared McCain,PHI,86.0
%Time_SG,highest,2,Andrew Nembhard,IND,85.0
%Time_SG,highest,3,Ben Sheppard,IND,82.0
%Time_SG,lowest,1,Aaron Gordon,DEN,0.0
%Time_SG,lowest,2,Aaron Holiday,HOU,0.0
%Time_SG,lowest,3,Adem Bona,PHI,0.0
%Time_SF,highest,1,DeMar DeRozan,SAC,86.0
%Time_SF,highest,2,Bennedict Mathurin,IND,85.0
%Time_SF,highest,3,Mikal Bridges,NYK,83.0
%Time_SF,lowest,1,Aaron Gordon,DEN,0.0
%Time_SF,lowest,2,Aaron Holiday,HOU,0.0
%Time_SF,lowest,3,Adam Flagler,OKC,0.0
%Time_PF,highest,1,Tobias Harris,DET,98.0
%Time_PF,highest,2,OG Anunoby,NYK,95.0
%Time_PF,highest,3,Patrick Williams,CHI,95.0
%Time_PF,lowest,1,A.J. Green,MIL,0.0
%Time_PF,lowest,2,A.J. Lawson,TOR,0.0
%Time_PF,lowest,3,Aaron Holiday,HOU,0.0
%Time_C,highest,1,Alex Len,LAL,100.0
%Time_C,highest,2,Andre Drummond,PHI,100.0
%Time_C,highest,3,Bismack Biyombo,SAS,100.0
%Time_C,lowest,1,A.J. Green,MIL,0.0
%Time_C,lowest,2,A.J. Lawson,TOR,0.0
%Time_C,lowest,3,Aaron Holiday,HOU,0.0
OnCourt_per100,highest,1,Jaylin Williams,OKC,18.8
OnCourt_per100,highest,2,Shai Gilgeous-Alexander,OKC,16.9
OnCourt_per100,highest,3,Chet Holmgren,OKC,16.3
OnCourt_per100,lowest,1,Jaylen Martin,WAS,-25.7
OnCourt_per100,lowest,2,Damion Baugh,CHO,-23.0
OnCourt_per100,lowest,3,JT Thor,WAS,-19.9
OnOff_per100,highest,1,Nikola Jokić,DEN,19.0
OnOff_per100,highest,2,Jared Rhoden,TOR,18.2
OnOff_per100,highest,3,Christian Braun,DEN,15.0
OnOff_per100,lowest,1,Tristan Thompson,CLE,-23.6
OnOff_per100,lowest,2,Alex Len,LAL,-20.0
OnOff_per100,lowest,3,Ariel Hukporti,NYK,-18.6
BadPass,highest,1,Trae Young,ATL,265.0
BadPass,highest,2,James Harden,LAC,202.0
BadPass,highest,3,Cade Cunningham,DET,173.0
BadPass,lowest,1,Dominick Barlow,ATL,1.0
BadPass,lowest,2,Adam Flagler,OKC,2.0
BadPass,lowest,3,Branden Carlson,OKC,2.0
LostBall,highest,1,Cade Cunningham,DET,105.0
LostBall,highest,2,James Harden,LAC,97.0
LostBall,highest,3,Anthony Edwards,MIN,94.0
LostBall,lowest,1,Alex Reese,PHI,0.0
LostBall,lowest,2,Cam Spencer,MEM,0.0
LostBall,lowest,3,Larry Nance Jr.,ATL,0.0
Foul_Shooting,highest,1,Jalen Duren,DET,148.0
Foul_Shooting,highest,2,Jaren Jackson Jr.,MEM,136.0
Foul_Shooting,highest,3,Karl-Anthony Towns,NYK,131.0
Foul_Shooting,lowest,1,Matisse Thybulle,POR,5.0
Foul_Shooting,lowest,2,Cam Spencer,MEM,8.0
Foul_Shooting,lowest,3,Damion Baugh,CHO,8.0
Foul_Offensive,highest,1,Karl-Anthony Towns,NYK,49.0
Foul_Offensive,highest,2,Domantas Sabonis,SAC,42.0
Foul_Offensive,highest,3,Julius Randle,MIN,37.0
Foul_Offensive,lowest,1,A.J. Lawson,TOR,0.0
Foul_Offensive,lowest,2,Antonio Reeves,NOP,0.0
Foul_Offensive,lowest,3,Blake Wesley,SAS,0.0
Drawn_Shooting,highest,1,Giannis Antetokounmpo,MIL,353.0
Drawn_Shooting,highest,2,Shai Gilgeous-Alexander,OKC,280.0
Drawn_Shooting,highest,3,James Harden,LAC,238.0
Drawn_Shooting,lowest,1,Adam Flagler,OKC,0.0
Drawn_Shooting,lowest,2,Xavier Tillman Sr.,BOS,1.0
Drawn_Shooting,lowest,3,Doug McDermott,SAC,2.0
Drawn_Offensive,highest,1,Toumani Camara,POR,91.0
Drawn_Offensive,highest,2,Davion Mitchell,MIA,56.0
Drawn_Offensive,highest,3,Luguentz Dort,OKC,55.0
Drawn_Offensive,lowest,1,A.J. Lawson,TOR,0.0
Drawn_Offensive,lowest,2,Adam Flagler,OKC,0.0
Drawn_Offensive,lowest,3,AJ Johnson,WAS,0.0
PGA,highest,1,Trae Young,ATL,2031.0
PGA,highest,2,Nikola Jokić,DEN,1668.0
PGA,highest,3,Tyrese Haliburton,IND,1614.0
PGA,lowest,1,Alex Reese,PHI,9.0
PGA,lowest,2,Doug McDermott,SAC,15.0
PGA,lowest,3,JT Thor,WAS,17.0
And1,highest,1,Giannis Antetokounmpo,MIL,92.0
And1,highest,2,Karl-Anthony Towns,NYK,64.0
And1,highest,3,Shai Gilgeous-Alexander,OKC,61.0
And1,lowest,1,Adam Flagler,OKC,0.0
And1,lowest,2,Baylor Scheierman,BOS,0.0
And1,lowest,3,Christian Koloko,LAL,0.0
Blkd,highest,1,Jalen Green,HOU,106.0
Blkd,highest,2,Cade Cunningham,DET,100.0
Blkd,highest,3,OG Anunoby,NYK,89.0
Blkd,lowest,1,Bol Bol,PHO,0.0
Blkd,lowest,2,Jamal Cain,NOP,0.0
Blkd,lowest,3,Alex Reese,PHI,1.0
