,Statistic,Category,Rank,Player,Team,Value
0,Age,highest,1,LeBron James,LAL,40.0
1,Age,highest,2,Chris Paul,SAS,39.0
2,Age,highest,3,Taj Gibson,CHO,39.0
3,Age,lowest,1,Alex Sarr,WAS,19.0
4,Age,lowest,2,Bub Carrington,WAS,19.0
5,Age,lowest,3,Ron Holland,DET,19.0
6,G,highest,1,Bub Carrington,WAS,82.0
7,G,highest,2,Buddy Hield,GSW,82.0
8,G,highest,3,Chris Paul,SAS,82.0
9,G,lowest,1,Drew Timme,BRK,9.0
10,G,lowest,2,Marcus Bagley,PHI,10.0
11,G,lowest,3,Tre Mann,CHO,13.0
12,GS,highest,1,Chris Paul,SAS,82.0
13,GS,highest,2,Harrison Barnes,SAS,82.0
14,GS,highest,3,Jaden McDaniels,MIN,82.0
15,GS,lowest,1,Adam Flagler,OKC,0.0
16,GS,lowest,2,Alex Reese,PHI,0.0
17,GS,lowest,3,Anthony Gill,WAS,0.0
18,MP,highest,1,Mikal Bridges,NYK,3036.0
19,MP,highest,2,Josh Hart,NYK,2897.0
20,MP,highest,3,Anthony Edwards,MIN,2871.0
21,MP,lowest,1,Adam Flagler,OKC,203.0
22,MP,lowest,2,Dario Šarić,DEN,210.0
23,MP,lowest,3,Alex Reese,PHI,216.0
24,MP/G,highest,1,Tyrese Maxey,PHI,37.7
25,MP/G,highest,2,Josh Hart,NYK,37.6
26,MP/G,highest,3,Devin Booker,PHO,37.3
27,MP/G,lowest,1,Adam Flagler,OKC,5.5
28,MP/G,lowest,2,Luka Garza,MIN,5.6
29,MP/G,lowest,3,Josh Minott,MIN,6.0
30,PTS,highest,1,Shai Gilgeous-Alexander,OKC,32.7
31,PTS,highest,2,Giannis Antetokounmpo,MIL,30.4
32,PTS,highest,3,Nikola Jokić,DEN,29.6
33,PTS,lowest,1,Xavier Tillman Sr.,BOS,1.0
34,PTS,lowest,2,Alex Len,LAL,1.6
35,PTS,lowest,3,Jordan Walsh,BOS,1.6
36,TRB,highest,1,Domantas Sabonis,SAC,13.9
37,TRB,highest,2,Karl-Anthony Towns,NYK,12.8
38,TRB,highest,3,Nikola Jokić,DEN,12.7
39,TRB,lowest,1,Doug McDermott,SAC,0.5
40,TRB,lowest,2,Adam Flagler,OKC,0.7
41,TRB,lowest,3,Jordan McLaughlin,SAS,0.7
42,ORB,highest,1,Walker Kessler,UTA,4.6
43,ORB,highest,2,Domantas Sabonis,SAC,3.8
44,ORB,highest,3,Ivica Zubac,LAC,3.8
45,ORB,lowest,1,Doug McDermott,SAC,0.1
46,ORB,lowest,2,Jevon Carter,CHI,0.1
47,ORB,lowest,3,Jordan McLaughlin,SAS,0.1
48,DRB,highest,1,Domantas Sabonis,SAC,10.1
49,DRB,highest,2,Nikola Jokić,DEN,9.9
50,DRB,highest,3,Karl-Anthony Towns,NYK,9.8
51,DRB,lowest,1,Adam Flagler,OKC,0.5
52,DRB,lowest,2,Doug McDermott,SAC,0.5
53,DRB,lowest,3,Jordan McLaughlin,SAS,0.5
54,AST,highest,1,Trae Young,ATL,11.6
55,AST,highest,2,Nikola Jokić,DEN,10.2
56,AST,highest,3,Tyrese Haliburton,IND,9.2
57,AST,lowest,1,Doug McDermott,SAC,0.2
58,AST,lowest,2,Xavier Tillman Sr.,BOS,0.2
59,AST,lowest,3,Adam Flagler,OKC,0.3
60,STL,highest,1,Dyson Daniels,ATL,3.0
61,STL,highest,2,Matisse Thybulle,POR,2.2
62,STL,highest,3,Dejounte Murray,NOP,2.0
63,STL,lowest,1,Ariel Hukporti,NYK,0.0
64,STL,lowest,2,Doug McDermott,SAC,0.1
65,STL,lowest,3,Isaac Jones,SAC,0.1
66,BLK,highest,1,Victor Wembanyama,SAS,3.8
67,BLK,highest,2,Walker Kessler,UTA,2.4
68,BLK,highest,3,Anthony Davis,DAL,2.2
69,BLK,lowest,1,Anthony Gill,WAS,0.0
70,BLK,lowest,2,Cam Spencer,MEM,0.0
71,BLK,lowest,3,Doug McDermott,SAC,0.0
72,TOV,highest,1,Trae Young,ATL,4.7
73,TOV,highest,2,Cade Cunningham,DET,4.4
74,TOV,highest,3,James Harden,LAC,4.3
75,TOV,lowest,1,Adam Flagler,OKC,0.1
76,TOV,lowest,2,Dominick Barlow,ATL,0.1
77,TOV,lowest,3,Doug McDermott,SAC,0.1
78,PF,highest,1,Jaren Jackson Jr.,MEM,3.5
79,PF,highest,2,Karl-Anthony Towns,NYK,3.5
80,PF,highest,3,Domantas Sabonis,SAC,3.3
81,PF,lowest,1,Adam Flagler,OKC,0.4
82,PF,lowest,2,Jevon Carter,CHI,0.4
83,PF,lowest,3,Jordan McLaughlin,SAS,0.4
84,FG,highest,1,Shai Gilgeous-Alexander,OKC,860.0
85,FG,highest,2,Giannis Antetokounmpo,MIL,793.0
86,FG,highest,3,Nikola Jokić,DEN,786.0
87,FG,lowest,1,Xavier Tillman Sr.,BOS,13.0
88,FG,lowest,2,Garrett Temple,TOR,18.0
89,FG,lowest,3,Ariel Hukporti,NYK,21.0
90,FGA,highest,1,Shai Gilgeous-Alexander,OKC,1656.0
91,FGA,highest,2,Anthony Edwards,MIN,1612.0
92,FGA,highest,3,Jayson Tatum,BOS,1465.0
93,FGA,lowest,1,Ariel Hukporti,NYK,31.0
94,FGA,lowest,2,Xavier Tillman Sr.,BOS,53.0
95,FGA,lowest,3,Alex Reese,PHI,54.0
96,FG%,highest,1,Kai Jones,DAL,0.798
97,FG%,highest,2,Jaxson Hayes,LAL,0.722
98,FG%,highest,3,Jarrett Allen,CLE,0.706
99,FG%,lowest,1,Xavier Tillman Sr.,BOS,0.245
100,FG%,lowest,2,Adam Flagler,OKC,0.26
101,FG%,lowest,3,Garrett Temple,TOR,0.3
102,3P,highest,1,Anthony Edwards,MIN,320.0
103,3P,highest,2,Malik Beasley,DET,319.0
104,3P,highest,3,Stephen Curry,GSW,311.0
105,3P,lowest,1,Adem Bona,PHI,0.0
106,3P,lowest,2,Ariel Hukporti,NYK,0.0
107,3P,lowest,3,Ben Simmons,LAC,0.0
108,3PA,highest,1,Anthony Edwards,MIN,811.0
109,3PA,highest,2,Stephen Curry,GSW,784.0
110,3PA,highest,3,Malik Beasley,DET,766.0
111,3PA,lowest,1,Ariel Hukporti,NYK,0.0
112,3PA,lowest,2,Ben Simmons,LAC,0.0
113,3PA,lowest,3,Bismack Biyombo,SAS,0.0
114,3P%,highest,1,Dru Smith,MIA,0.533
115,3P%,highest,2,Drew Eubanks,LAC,0.5
116,3P%,highest,3,Taj Gibson,CHO,0.5
117,3P%,lowest,1,Adem Bona,PHI,0.0
118,3P%,lowest,2,Christian Koloko,LAL,0.0
119,3P%,lowest,3,Clint Capela,ATL,0.0
120,2P,highest,1,Giannis Antetokounmpo,MIL,779.0
121,2P,highest,2,Shai Gilgeous-Alexander,OKC,697.0
122,2P,highest,3,Nikola Jokić,DEN,648.0
123,2P,lowest,1,Dariq Whitehead,BRK,6.0
124,2P,lowest,2,Doug McDermott,SAC,6.0
125,2P,lowest,3,Xavier Tillman Sr.,BOS,8.0
126,2PA,highest,1,Giannis Antetokounmpo,MIL,1256.0
127,2PA,highest,2,Shai Gilgeous-Alexander,OKC,1221.0
128,2PA,highest,3,Alperen Şengün,HOU,1053.0
129,2PA,lowest,1,Alex Reese,PHI,13.0
130,2PA,lowest,2,Doug McDermott,SAC,16.0
131,2PA,lowest,3,Patty Mills,LAC,21.0
132,2P%,highest,1,Alex Reese,PHI,0.846
133,2P%,highest,2,Kai Jones,DAL,0.827
134,2P%,highest,3,Jeff Green,HOU,0.762
135,2P%,lowest,1,Dariq Whitehead,BRK,0.273
136,2P%,lowest,2,Elfrid Payton,CHO,0.336
137,2P%,lowest,3,Vasilije Micić,PHO,0.338
138,FT,highest,1,Shai Gilgeous-Alexander,OKC,601.0
139,FT,highest,2,James Harden,LAC,505.0
140,FT,highest,3,Trae Young,ATL,491.0
141,FT,lowest,1,Adam Flagler,OKC,1.0
142,FT,lowest,2,Dariq Whitehead,BRK,3.0
143,FT,lowest,3,Doug McDermott,SAC,3.0
144,FTA,highest,1,Giannis Antetokounmpo,MIL,707.0
145,FTA,highest,2,Shai Gilgeous-Alexander,OKC,669.0
146,FTA,highest,3,James Harden,LAC,578.0
147,FTA,lowest,1,Adam Flagler,OKC,2.0
148,FTA,lowest,2,Xavier Tillman Sr.,BOS,4.0
149,FTA,lowest,3,Dariq Whitehead,BRK,5.0
150,FT%,highest,1,Cam Spencer,MEM,1.0
151,FT%,highest,2,Keaton Wallace,ATL,1.0
152,FT%,highest,3,Sam Hauser,BOS,1.0
153,FT%,lowest,1,Tristan Thompson,CLE,0.233
154,FT%,lowest,2,Trey Jemison,LAL,0.394
155,FT%,lowest,3,Bismack Biyombo,SAS,0.4
156,eFG%,highest,1,Kai Jones,DAL,0.803
157,eFG%,highest,2,Jaxson Hayes,LAL,0.722
158,eFG%,highest,3,Jarrett Allen,CLE,0.706
159,eFG%,lowest,1,Xavier Tillman Sr.,BOS,0.292
160,eFG%,lowest,2,Elfrid Payton,CHO,0.332
161,eFG%,lowest,3,Adam Flagler,OKC,0.333
162,PTS_per100,highest,1,Shai Gilgeous-Alexander,OKC,45.9
163,PTS_per100,highest,2,Giannis Antetokounmpo,MIL,43.0
164,PTS_per100,highest,3,Zion Williamson,NOP,41.7
165,PTS_per100,lowest,1,Xavier Tillman Sr.,BOS,7.4
166,PTS_per100,lowest,2,Jericho Sims,MIL,7.6
167,PTS_per100,lowest,3,Maxi Kleber,DAL,7.8
168,TRB_per100,highest,1,Oscar Tshiebwe,UTA,23.0
169,TRB_per100,highest,2,Andre Drummond,PHI,20.4
170,TRB_per100,highest,3,Steven Adams,HOU,20.0
171,TRB_per100,lowest,1,Eric Gordon,PHI,3.0
172,TRB_per100,lowest,2,Gabe Vincent,LAL,3.0
173,TRB_per100,lowest,3,Doug McDermott,SAC,3.1
174,AST_per100,highest,1,Elfrid Payton,CHO,15.8
175,AST_per100,highest,2,Trae Young,ATL,15.0
176,AST_per100,highest,3,Nikola Jokić,DEN,13.4
177,AST_per100,lowest,1,Alex Reese,PHI,0.9
178,AST_per100,lowest,2,Doug McDermott,SAC,1.0
179,AST_per100,lowest,3,JT Thor,WAS,1.1
180,STL_per100,highest,1,Matisse Thybulle,POR,5.1
181,STL_per100,highest,2,Paul Reed,DET,4.3
182,STL_per100,highest,3,Dyson Daniels,ATL,4.2
183,STL_per100,lowest,1,Ariel Hukporti,NYK,0.2
184,STL_per100,lowest,2,Tristan Thompson,CLE,0.3
185,STL_per100,lowest,3,Doug McDermott,SAC,0.6
186,BLK_per100,highest,1,Victor Wembanyama,SAS,5.6
187,BLK_per100,highest,2,Robert Williams,POR,4.6
188,BLK_per100,highest,3,Branden Carlson,OKC,4.1
189,BLK_per100,lowest,1,Isaiah Wong,CHO,0.0
190,BLK_per100,lowest,2,Jared McCain,PHI,0.0
191,BLK_per100,lowest,3,Jaylen Martin,WAS,0.0
192,TOV_per100,highest,1,Cade Cunningham,DET,6.1
193,TOV_per100,highest,2,Trae Young,ATL,6.1
194,TOV_per100,highest,3,James Harden,LAC,6.0
195,TOV_per100,lowest,1,Dominick Barlow,ATL,0.6
196,TOV_per100,lowest,2,Sam Hauser,BOS,0.7
197,TOV_per100,lowest,3,Caleb Houstan,ORL,0.8
198,ORtg,highest,1,Luke Kornet,BOS,152.0
199,ORtg,highest,2,Kai Jones,DAL,147.0
200,ORtg,highest,3,Dwight Powell,DAL,144.0
201,ORtg,lowest,1,Xavier Tillman Sr.,BOS,67.0
202,ORtg,lowest,2,Adam Flagler,OKC,80.0
203,ORtg,lowest,3,Damion Baugh,CHO,87.0
204,DRtg,highest,1,Collin Sexton,UTA,124.0
205,DRtg,highest,2,AJ Johnson,WAS,123.0
206,DRtg,highest,3,Antonio Reeves,NOP,123.0
207,DRtg,lowest,1,Chet Holmgren,OKC,103.0
208,DRtg,lowest,2,Jonathan Isaac,ORL,103.0
209,DRtg,lowest,3,Paul Reed,DET,103.0
210,PER,highest,1,Nikola Jokić,DEN,32.0
211,PER,highest,2,Shai Gilgeous-Alexander,OKC,30.7
212,PER,highest,3,Giannis Antetokounmpo,MIL,30.5
213,PER,lowest,1,Xavier Tillman Sr.,BOS,2.4
214,PER,lowest,2,Adam Flagler,OKC,3.7
215,PER,lowest,3,Cody Williams,UTA,3.7
216,TS%,highest,1,Kai Jones,DAL,0.804
217,TS%,highest,2,Jarrett Allen,CLE,0.724
218,TS%,highest,3,Jaxson Hayes,LAL,0.72
219,TS%,lowest,1,Xavier Tillman Sr.,BOS,0.31
220,TS%,lowest,2,Adam Flagler,OKC,0.335
221,TS%,lowest,3,Elfrid Payton,CHO,0.34
222,3PAr,highest,1,Sam Merrill,CLE,0.868
223,3PAr,highest,2,Doug McDermott,SAC,0.863
224,3PAr,highest,3,A.J. Green,MIL,0.856
225,3PAr,lowest,1,Ariel Hukporti,NYK,0.0
226,3PAr,lowest,2,Ben Simmons,LAC,0.0
227,3PAr,lowest,3,Bismack Biyombo,SAS,0.0
228,FTr,highest,1,Dwight Powell,DAL,0.705
229,FTr,highest,2,Jimmy Butler,GSW,0.657
230,FTr,highest,3,Mason Plumlee,PHO,0.634
231,FTr,lowest,1,Adam Flagler,OKC,0.021
232,FTr,lowest,2,Sam Hauser,BOS,0.023
233,FTr,lowest,3,Doug McDermott,SAC,0.043
234,USG%,highest,1,LaMelo Ball,CHO,35.9
235,USG%,highest,2,Giannis Antetokounmpo,MIL,35.2
236,USG%,highest,3,Shai Gilgeous-Alexander,OKC,34.8
237,USG%,lowest,1,Dwight Powell,DAL,7.6
238,USG%,lowest,2,Jericho Sims,MIL,7.6
239,USG%,lowest,3,John Konchar,MEM,8.0
240,ORB%,highest,1,Steven Adams,HOU,21.8
241,ORB%,highest,2,Mitchell Robinson,NYK,20.8
242,ORB%,highest,3,Oscar Tshiebwe,UTA,19.6
243,ORB%,lowest,1,Tyrese Maxey,PHI,0.8
244,ORB%,lowest,2,Spencer Dinwiddie,DAL,0.9
245,ORB%,lowest,3,Tim Hardaway Jr.,DET,0.9
246,DRB%,highest,1,Tristan Thompson,CLE,32.7
247,DRB%,highest,2,Domantas Sabonis,SAC,32.6
248,DRB%,highest,3,Jusuf Nurkić,CHO,32.0
249,DRB%,lowest,1,Gabe Vincent,LAL,5.2
250,DRB%,lowest,2,Jaylen Clark,MIN,5.6
251,DRB%,lowest,3,Eric Gordon,PHI,5.8
252,TRB%,highest,1,Oscar Tshiebwe,UTA,25.8
253,TRB%,highest,2,Andre Drummond,PHI,23.4
254,TRB%,highest,3,DeAndre Jordan,DEN,22.6
255,TRB%,lowest,1,Eric Gordon,PHI,3.4
256,TRB%,lowest,2,Gabe Vincent,LAL,3.4
257,TRB%,lowest,3,Doug McDermott,SAC,3.6
258,AST%,highest,1,Trae Young,ATL,46.4
259,AST%,highest,2,Nikola Jokić,DEN,44.1
260,AST%,highest,3,LaMelo Ball,CHO,43.8
261,AST%,lowest,1,Alex Reese,PHI,2.6
262,AST%,lowest,2,Doug McDermott,SAC,2.8
263,AST%,lowest,3,JT Thor,WAS,3.3
264,STL%,highest,1,Matisse Thybulle,POR,5.1
265,STL%,highest,2,Paul Reed,DET,4.3
266,STL%,highest,3,Dyson Daniels,ATL,4.2
267,STL%,lowest,1,Ariel Hukporti,NYK,0.2
268,STL%,lowest,2,Tristan Thompson,CLE,0.3
269,STL%,lowest,3,Nick Richards,PHO,0.5
270,BLK%,highest,1,Victor Wembanyama,SAS,10.4
271,BLK%,highest,2,Branden Carlson,OKC,8.6
272,BLK%,highest,3,Robert Williams,POR,8.5
273,BLK%,lowest,1,Isaiah Wong,CHO,0.0
274,BLK%,lowest,2,Jared McCain,PHI,0.0
275,BLK%,lowest,3,Jaylen Martin,WAS,0.0
276,TOV%,highest,1,Ariel Hukporti,NYK,36.4
277,TOV%,highest,2,Elfrid Payton,CHO,32.1
278,TOV%,highest,3,Jericho Sims,MIL,30.1
279,TOV%,lowest,1,Dominick Barlow,ATL,3.8
280,TOV%,lowest,2,Adam Flagler,OKC,4.0
281,TOV%,lowest,3,Sam Hauser,BOS,4.6
282,OWS,highest,1,Nikola Jokić,DEN,12.7
283,OWS,highest,2,Shai Gilgeous-Alexander,OKC,11.9
284,OWS,highest,3,Tyrese Haliburton,IND,8.1
285,OWS,lowest,1,Kyle Kuzma,MIL,-2.3
286,OWS,lowest,2,Alex Sarr,WAS,-1.6
287,OWS,lowest,3,Isaiah Collier,UTA,-1.3
288,DWS,highest,1,Shai Gilgeous-Alexander,OKC,4.8
289,DWS,highest,2,Ivica Zubac,LAC,4.7
290,DWS,highest,3,James Harden,LAC,4.3
291,DWS,lowest,1,Collin Sexton,UTA,-0.1
292,DWS,lowest,2,AJ Johnson,WAS,0.0
293,DWS,lowest,3,Antonio Reeves,NOP,0.0
294,WS,highest,1,Shai Gilgeous-Alexander,OKC,16.7
295,WS,highest,2,Nikola Jokić,DEN,16.4
296,WS,highest,3,Ivica Zubac,LAC,11.7
297,WS,lowest,1,Cody Williams,UTA,-1.2
298,WS,lowest,2,Vasilije Micić,PHO,-1.0
299,WS,lowest,3,Kyle Kuzma,MIL,-0.9
300,WS/48,highest,1,Shai Gilgeous-Alexander,OKC,0.309
301,WS/48,highest,2,Nikola Jokić,DEN,0.307
302,WS/48,highest,3,Luke Kornet,BOS,0.246
303,WS/48,lowest,1,Damion Baugh,CHO,-0.069
304,WS/48,lowest,2,Adam Flagler,OKC,-0.062
305,WS/48,lowest,3,Vasilije Micić,PHO,-0.06
306,OBPM,highest,1,Nikola Jokić,DEN,9.9
307,OBPM,highest,2,Shai Gilgeous-Alexander,OKC,8.9
308,OBPM,highest,3,Giannis Antetokounmpo,MIL,6.9
309,OBPM,lowest,1,Xavier Tillman Sr.,BOS,-8.4
310,OBPM,lowest,2,Adam Flagler,OKC,-8.1
311,OBPM,lowest,3,Reece Beekman,BRK,-6.7
312,DBPM,highest,1,Matisse Thybulle,POR,5.1
313,DBPM,highest,2,Paul Reed,DET,4.0
314,DBPM,highest,3,Alex Caruso,OKC,3.9
315,DBPM,lowest,1,Jordan Hawkins,NOP,-3.0
316,DBPM,lowest,2,Drew Timme,BRK,-2.8
317,DBPM,lowest,3,Trae Young,ATL,-2.7
318,BPM,highest,1,Nikola Jokić,DEN,13.3
319,BPM,highest,2,Shai Gilgeous-Alexander,OKC,11.5
320,BPM,highest,3,Giannis Antetokounmpo,MIL,9.5
321,BPM,lowest,1,Adam Flagler,OKC,-10.3
322,BPM,lowest,2,AJ Johnson,WAS,-8.1
323,BPM,lowest,3,Xavier Tillman Sr.,BOS,-8.1
324,VORP,highest,1,Nikola Jokić,DEN,9.8
325,VORP,highest,2,Shai Gilgeous-Alexander,OKC,8.9
326,VORP,highest,3,Giannis Antetokounmpo,MIL,6.6
327,VORP,lowest,1,Bub Carrington,WAS,-1.6
328,VORP,lowest,2,Isaiah Collier,UTA,-1.6
329,VORP,lowest,3,Cody Williams,UTA,-1.4
330,AvgDist,highest,1,A.J. Green,MIL,24.0
331,AvgDist,highest,2,Doug McDermott,SAC,23.3
332,AvgDist,highest,3,Patty Mills,LAC,23.1
333,AvgDist,lowest,1,Mitchell Robinson,NYK,1.1
334,AvgDist,lowest,2,Adem Bona,PHI,2.3
335,AvgDist,lowest,3,DeAndre Jordan,DEN,2.3
336,%FGA_2P,highest,1,Ariel Hukporti,NYK,1.0
337,%FGA_2P,highest,2,Ben Simmons,LAC,1.0
338,%FGA_2P,highest,3,Bismack Biyombo,SAS,1.0
339,%FGA_2P,lowest,1,Sam Merrill,CLE,0.132
340,%FGA_2P,lowest,2,Doug McDermott,SAC,0.137
341,%FGA_2P,lowest,3,A.J. Green,MIL,0.144
342,%FGA_0-3ft,highest,1,Mitchell Robinson,NYK,0.893
343,%FGA_0-3ft,highest,2,Rudy Gobert,MIN,0.757
344,%FGA_0-3ft,highest,3,Adem Bona,PHI,0.755
345,%FGA_0-3ft,lowest,1,Patty Mills,LAC,0.021
346,%FGA_0-3ft,lowest,2,Chris Paul,SAS,0.026
347,%FGA_0-3ft,lowest,3,A.J. Green,MIL,0.028
348,%FGA_3-10ft,highest,1,Oscar Tshiebwe,UTA,0.629
349,%FGA_3-10ft,highest,2,Drew Eubanks,LAC,0.546
350,%FGA_3-10ft,highest,3,Elfrid Payton,CHO,0.525
351,%FGA_3-10ft,lowest,1,A.J. Green,MIL,0.017
352,%FGA_3-10ft,lowest,2,Sam Merrill,CLE,0.028
353,%FGA_3-10ft,lowest,3,Sam Hauser,BOS,0.032
354,%FGA_10-16ft,highest,1,Kevin Durant,PHO,0.312
355,%FGA_10-16ft,highest,2,DeMar DeRozan,SAC,0.299
356,%FGA_10-16ft,highest,3,Oso Ighodaro,PHO,0.278
357,%FGA_10-16ft,lowest,1,Alex Reese,PHI,0.0
358,%FGA_10-16ft,lowest,2,Branden Carlson,OKC,0.0
359,%FGA_10-16ft,lowest,3,DeAndre Jordan,DEN,0.0
360,%FGA_16ft-3P,highest,1,DeMar DeRozan,SAC,0.269
361,%FGA_16ft-3P,highest,2,Joel Embiid,PHI,0.165
362,%FGA_16ft-3P,highest,3,Jamal Murray,DEN,0.163
363,%FGA_16ft-3P,lowest,1,A.J. Lawson,TOR,0.0
364,%FGA_16ft-3P,lowest,2,Adem Bona,PHI,0.0
365,%FGA_16ft-3P,lowest,3,AJ Johnson,WAS,0.0
366,%FGA_3P,highest,1,Sam Merrill,CLE,0.868
367,%FGA_3P,highest,2,Doug McDermott,SAC,0.863
368,%FGA_3P,highest,3,A.J. Green,MIL,0.856
369,%FGA_3P,lowest,1,Ariel Hukporti,NYK,0.0
370,%FGA_3P,lowest,2,Ben Simmons,LAC,0.0
371,%FGA_3P,lowest,3,Bismack Biyombo,SAS,0.0
372,FG%_2P,highest,1,Alex Reese,PHI,0.846
373,FG%_2P,highest,2,Kai Jones,DAL,0.827
374,FG%_2P,highest,3,Jeff Green,HOU,0.762
375,FG%_2P,lowest,1,Dariq Whitehead,BRK,0.273
376,FG%_2P,lowest,2,Elfrid Payton,CHO,0.336
377,FG%_2P,lowest,3,Vasilije Micić,PHO,0.338
378,FG%_0-3ft,highest,1,Alex Reese,PHI,1.0
379,FG%_0-3ft,highest,2,Kai Jones,DAL,0.944
380,FG%_0-3ft,highest,3,Monte Morris,PHO,0.909
381,FG%_0-3ft,lowest,1,Pat Spencer,GSW,0.286
382,FG%_0-3ft,lowest,2,Kevin Love,MIA,0.318
383,FG%_0-3ft,lowest,3,Dariq Whitehead,BRK,0.333
384,FG%_3-10ft,highest,1,Bol Bol,PHO,0.759
385,FG%_3-10ft,highest,2,Jeff Green,HOU,0.75
386,FG%_3-10ft,highest,3,Kai Jones,DAL,0.706
387,FG%_3-10ft,lowest,1,A.J. Green,MIL,0.143
388,FG%_3-10ft,lowest,2,Adam Flagler,OKC,0.167
389,FG%_3-10ft,lowest,3,Mitchell Robinson,NYK,0.167
390,FG%_10-16ft,highest,1,Christian Koloko,LAL,1.0
391,FG%_10-16ft,highest,2,Torrey Craig,BOS,1.0
392,FG%_10-16ft,highest,3,Zeke Nnaji,DEN,1.0
393,FG%_10-16ft,lowest,1,A.J. Lawson,TOR,0.0
394,FG%_10-16ft,lowest,2,Adem Bona,PHI,0.0
395,FG%_10-16ft,lowest,3,AJ Johnson,WAS,0.0
396,FG%_16ft-3P,highest,1,Alex Reese,PHI,1.0
397,FG%_16ft-3P,highest,2,Delon Wright,NYK,1.0
398,FG%_16ft-3P,highest,3,Drew Timme,BRK,1.0
399,FG%_16ft-3P,lowest,1,Alex Len,LAL,0.0
400,FG%_16ft-3P,lowest,2,Andre Drummond,PHI,0.0
401,FG%_16ft-3P,lowest,3,Anthony Gill,WAS,0.0
402,FG%_3P,highest,1,Dru Smith,MIA,0.533
403,FG%_3P,highest,2,Drew Eubanks,LAC,0.5
404,FG%_3P,highest,3,Taj Gibson,CHO,0.5
405,FG%_3P,lowest,1,Adem Bona,PHI,0.0
406,FG%_3P,lowest,2,Christian Koloko,LAL,0.0
407,FG%_3P,lowest,3,Clint Capela,ATL,0.0
408,%Assisted_2P,highest,1,Doug McDermott,SAC,1.0
409,%Assisted_2P,highest,2,Ariel Hukporti,NYK,0.952
410,%Assisted_2P,highest,3,Caleb Houstan,ORL,0.938
411,%Assisted_2P,lowest,1,Damian Lillard,MIL,0.158
412,%Assisted_2P,lowest,2,Tre Mann,CHO,0.174
413,%Assisted_2P,lowest,3,James Harden,LAC,0.176
414,%Assisted_3P,highest,1,Alex Len,LAL,1.0
415,%Assisted_3P,highest,2,Alex Reese,PHI,1.0
416,%Assisted_3P,highest,3,Anthony Gill,WAS,1.0
417,%Assisted_3P,lowest,1,Trae Young,ATL,0.294
418,%Assisted_3P,lowest,2,Shai Gilgeous-Alexander,OKC,0.35
419,%Assisted_3P,lowest,3,James Harden,LAC,0.37
420,Dunks_%FGA,highest,1,Kai Jones,DAL,0.596
421,Dunks_%FGA,highest,2,Jaxson Hayes,LAL,0.578
422,Dunks_%FGA,highest,3,Jericho Sims,MIL,0.577
423,Dunks_%FGA,lowest,1,A.J. Green,MIL,0.0
424,Dunks_%FGA,lowest,2,Aaron Holiday,HOU,0.0
425,Dunks_%FGA,lowest,3,Adam Flagler,OKC,0.0
426,Dunks,highest,1,Giannis Antetokounmpo,MIL,243.0
427,Dunks,highest,2,Rudy Gobert,MIN,225.0
428,Dunks,highest,3,Jalen Duren,DET,219.0
429,Dunks,lowest,1,A.J. Green,MIL,0.0
430,Dunks,lowest,2,Aaron Holiday,HOU,0.0
431,Dunks,lowest,3,Adam Flagler,OKC,0.0
432,Corner3_%3PA,highest,1,Adem Bona,PHI,1.0
433,Corner3_%3PA,highest,2,Nick Richards,PHO,1.0
434,Corner3_%3PA,highest,3,Taj Gibson,CHO,1.0
435,Corner3_%3PA,lowest,1,Clint Capela,ATL,0.0
436,Corner3_%3PA,lowest,2,Joel Embiid,PHI,0.0
437,Corner3_%3PA,lowest,3,Oso Ighodaro,PHO,0.0
438,Corner3_3P%,highest,1,Jakob Poeltl,TOR,1.0
439,Corner3_3P%,highest,2,Kevon Looney,GSW,1.0
440,Corner3_3P%,highest,3,Dru Smith,MIA,0.636
441,Corner3_3P%,lowest,1,Adam Flagler,OKC,0.0
442,Corner3_3P%,lowest,2,Adem Bona,PHI,0.0
443,Corner3_3P%,lowest,3,Christian Koloko,LAL,0.0
444,%Time_PG,highest,1,Aaron Holiday,HOU,100.0
445,%Time_PG,highest,2,Brandon Williams,DAL,100.0
446,%Time_PG,highest,3,Chris Paul,SAS,100.0
447,%Time_PG,lowest,1,Aaron Gordon,DEN,0.0
448,%Time_PG,lowest,2,Aaron Nesmith,IND,0.0
449,%Time_PG,lowest,3,Adem Bona,PHI,0.0
450,%Time_SG,highest,1,Jared McCain,PHI,86.0
451,%Time_SG,highest,2,Andrew Nembhard,IND,85.0
452,%Time_SG,highest,3,Ben Sheppard,IND,82.0
453,%Time_SG,lowest,1,Aaron Gordon,DEN,0.0
454,%Time_SG,lowest,2,Aaron Holiday,HOU,0.0
455,%Time_SG,lowest,3,Adem Bona,PHI,0.0
456,%Time_SF,highest,1,DeMar DeRozan,SAC,86.0
457,%Time_SF,highest,2,Bennedict Mathurin,IND,85.0
458,%Time_SF,highest,3,Mikal Bridges,NYK,83.0
459,%Time_SF,lowest,1,Aaron Gordon,DEN,0.0
460,%Time_SF,lowest,2,Aaron Holiday,HOU,0.0
461,%Time_SF,lowest,3,Adam Flagler,OKC,0.0
462,%Time_PF,highest,1,Tobias Harris,DET,98.0
463,%Time_PF,highest,2,OG Anunoby,NYK,95.0
464,%Time_PF,highest,3,Patrick Williams,CHI,95.0
465,%Time_PF,lowest,1,A.J. Green,MIL,0.0
466,%Time_PF,lowest,2,A.J. Lawson,TOR,0.0
467,%Time_PF,lowest,3,Aaron Holiday,HOU,0.0
468,%Time_C,highest,1,Alex Len,LAL,100.0
469,%Time_C,highest,2,Andre Drummond,PHI,100.0
470,%Time_C,highest,3,Bismack Biyombo,SAS,100.0
471,%Time_C,lowest,1,A.J. Green,MIL,0.0
472,%Time_C,lowest,2,A.J. Lawson,TOR,0.0
473,%Time_C,lowest,3,Aaron Holiday,HOU,0.0
474,OnCourt_per100,highest,1,Jaylin Williams,OKC,18.8
475,OnCourt_per100,highest,2,Shai Gilgeous-Alexander,OKC,16.9
476,OnCourt_per100,highest,3,Chet Holmgren,OKC,16.3
477,OnCourt_per100,lowest,1,Jaylen Martin,WAS,-25.7
478,OnCourt_per100,lowest,2,Damion Baugh,CHO,-23.0
479,OnCourt_per100,lowest,3,JT Thor,WAS,-19.9
480,OnOff_per100,highest,1,Nikola Jokić,DEN,19.0
481,OnOff_per100,highest,2,Jared Rhoden,TOR,18.2
482,OnOff_per100,highest,3,Christian Braun,DEN,15.0
483,OnOff_per100,lowest,1,Tristan Thompson,CLE,-23.6
484,OnOff_per100,lowest,2,Alex Len,LAL,-20.0
485,OnOff_per100,lowest,3,Ariel Hukporti,NYK,-18.6
486,BadPass,highest,1,Trae Young,ATL,265.0
487,BadPass,highest,2,James Harden,LAC,202.0
488,BadPass,highest,3,Cade Cunningham,DET,173.0
489,BadPass,lowest,1,Dominick Barlow,ATL,1.0
490,BadPass,lowest,2,Adam Flagler,OKC,2.0
491,BadPass,lowest,3,Branden Carlson,OKC,2.0
492,LostBall,highest,1,Cade Cunningham,DET,105.0
493,LostBall,highest,2,James Harden,LAC,97.0
494,LostBall,highest,3,Anthony Edwards,MIN,94.0
495,LostBall,lowest,1,Alex Reese,PHI,0.0
496,LostBall,lowest,2,Cam Spencer,MEM,0.0
497,LostBall,lowest,3,Larry Nance Jr.,ATL,0.0
498,Foul_Shooting,highest,1,Jalen Duren,DET,148.0
499,Foul_Shooting,highest,2,Jaren Jackson Jr.,MEM,136.0
500,Foul_Shooting,highest,3,Karl-Anthony Towns,NYK,131.0
501,Foul_Shooting,lowest,1,Matisse Thybulle,POR,5.0
502,Foul_Shooting,lowest,2,Cam Spencer,MEM,8.0
503,Foul_Shooting,lowest,3,Damion Baugh,CHO,8.0
504,Foul_Offensive,highest,1,Karl-Anthony Towns,NYK,49.0
505,Foul_Offensive,highest,2,Domantas Sabonis,SAC,42.0
506,Foul_Offensive,highest,3,Julius Randle,MIN,37.0
507,Foul_Offensive,lowest,1,A.J. Lawson,TOR,0.0
508,Foul_Offensive,lowest,2,Antonio Reeves,NOP,0.0
509,Foul_Offensive,lowest,3,Blake Wesley,SAS,0.0
510,Drawn_Shooting,highest,1,Giannis Antetokounmpo,MIL,353.0
511,Drawn_Shooting,highest,2,Shai Gilgeous-Alexander,OKC,280.0
512,Drawn_Shooting,highest,3,James Harden,LAC,238.0
513,Drawn_Shooting,lowest,1,Adam Flagler,OKC,0.0
514,Drawn_Shooting,lowest,2,Xavier Tillman Sr.,BOS,1.0
515,Drawn_Shooting,lowest,3,Doug McDermott,SAC,2.0
516,Drawn_Offensive,highest,1,Toumani Camara,POR,91.0
517,Drawn_Offensive,highest,2,Davion Mitchell,MIA,56.0
518,Drawn_Offensive,highest,3,Luguentz Dort,OKC,55.0
519,Drawn_Offensive,lowest,1,A.J. Lawson,TOR,0.0
520,Drawn_Offensive,lowest,2,Adam Flagler,OKC,0.0
521,Drawn_Offensive,lowest,3,AJ Johnson,WAS,0.0
522,PGA,highest,1,Trae Young,ATL,2031.0
523,PGA,highest,2,Nikola Jokić,DEN,1668.0
524,PGA,highest,3,Tyrese Haliburton,IND,1614.0
525,PGA,lowest,1,Alex Reese,PHI,9.0
526,PGA,lowest,2,Doug McDermott,SAC,15.0
527,PGA,lowest,3,JT Thor,WAS,17.0
528,And1,highest,1,Giannis Antetokounmpo,MIL,92.0
529,And1,highest,2,Karl-Anthony Towns,NYK,64.0
530,And1,highest,3,Shai Gilgeous-Alexander,OKC,61.0
531,And1,lowest,1,Adam Flagler,OKC,0.0
532,And1,lowest,2,Baylor Scheierman,BOS,0.0
533,And1,lowest,3,Christian Koloko,LAL,0.0
534,Blkd,highest,1,Jalen Green,HOU,106.0
535,Blkd,highest,2,Cade Cunningham,DET,100.0
536,Blkd,highest,3,OG Anunoby,NYK,89.0
537,Blkd,lowest,1,Bol Bol,PHO,0.0
538,Blkd,lowest,2,Jamal Cain,NOP,0.0
539,Blkd,lowest,3,Alex Reese,PHI,1.0
